city_std,city_clean,number_of_extreme_events,median_uncovered_impact_share,mean_uncovered_impact_share,median_population_exposure_outside,median_road_exposure_outside,median_function_exposure_outside,proportion_events_uncovered_share_gt_25,proportion_events_uncovered_share_gt_50
中山,中山市,3,1.0,0.9,1.0,1.0,1.0,1.0,1.0
池州,池州市,3,1.0,0.9583333333333334,1.0,1.0,1.0,1.0,1.0
赣州,赣州市,3,1.0,1.0,1.0,1.0,1.0,1.0,1.0
嘉兴,嘉兴市,2,1.0,1.0,1.0,1.0,1.0,1.0,1.0
平顶山,平顶山市,2,1.0,1.0,1.0,1.0,1.0,1.0,1.0
广安,广安市,2,1.0,1.0,1.0,1.0,1.0,1.0,1.0
梅州,梅州市,2,1.0,1.0,1.0,1.0,1.0,1.0,1.0
湖州,湖州市,2,1.0,1.0,1.0,1.0,1.0,1.0,1.0
漳州,漳州市,2,1.0,1.0,1.0,1.0,1.0,1.0,1.0
驻马店,驻马店市,2,1.0,1.0,1.0,1.0,1.0,1.0,1.0
伊春,伊春市,1,1.0,1.0,1.0,1.0,1.0,1.0,1.0
儋州,儋州市,1,1.0,1.0,1.0,1.0,1.0,1.0,1.0
南平,南平市,1,1.0,1.0,1.0,1.0,1.0,1.0,1.0
南通,南通市,1,1.0,1.0,1.0,1.0,1.0,1.0,1.0
吉安,吉安市,1,1.0,1.0,1.0,1.0,1.0,1.0,1.0
呼伦贝尔,呼伦贝尔市,1,1.0,1.0,1.0,1.0,1.0,1.0,1.0
大庆,大庆市,1,1.0,1.0,1.0,1.0,1.0,1.0,1.0
安顺,安顺市,1,1.0,1.0,1.0,1.0,1.0,1.0,1.0
崇左,崇左市,1,1.0,1.0,1.0,1.0,1.0,1.0,1.0
巴中,巴中市,1,1.0,1.0,1.0,1.0,1.0,1.0,1.0
延安,延安市,1,1.0,1.0,1.0,1.0,1.0,1.0,1.0
张家界,张家界市,1,1.0,1.0,1.0,1.0,1.0,1.0,1.0
恩施土家族苗族,恩施土家族苗族自治州,1,1.0,1.0,1.0,1.0,1.0,1.0,1.0
梧州,梧州市,1,1.0,1.0,1.0,1.0,1.0,1.0,1.0
永州,永州市,1,1.0,1.0,1.0,1.0,1.0,1.0,1.0
淮南,淮南市,1,1.0,1.0,1.0,1.0,1.0,1.0,1.0
湛江,湛江市,1,1.0,1.0,1.0,1.0,1.0,1.0,1.0
滁州,滁州市,1,1.0,1.0,1.0,1.0,1.0,1.0,1.0
漯河,漯河市,1,1.0,1.0,1.0,1.0,1.0,1.0,1.0
盐城,盐城市,1,1.0,1.0,1.0,1.0,1.0,1.0,1.0
绍兴,绍兴市,1,1.0,1.0,1.0,,1.0,1.0,1.0
茂名,茂名市,1,1.0,1.0,1.0,1.0,1.0,1.0,1.0
荆门,荆门市,1,1.0,1.0,1.0,1.0,1.0,1.0,1.0
连云港,连云港市,1,1.0,1.0,1.0,1.0,1.0,1.0,1.0
台州,台州市,1,0.9907407407407407,0.9907407407407407,0.97666028570479,0.9872362742530836,0.9599564538268567,1.0,1.0
鄂尔多斯,鄂尔多斯市,2,0.9722222222222222,0.9722222222222222,0.9751171066631592,0.9581608611542055,0.9688768606224628,1.0,1.0
榆林,榆林市,2,0.9666666666666667,0.9666666666666667,0.9849965197024411,0.9258345417141602,0.9716643313093569,1.0,1.0
衢州,衢州市,2,0.9642857142857143,0.9642857142857143,0.9466831315713913,0.9156083911093535,0.9162611696009909,1.0,1.0
黄冈,黄冈市,2,0.9583333333333333,0.9583333333333333,0.9967736072696276,0.9893226658507044,0.9917956174057534,1.0,1.0
黄山,黄山市,2,0.9583333333333333,0.9583333333333333,0.9733816463302939,0.9624132362638884,0.977206946454414,1.0,1.0
信阳,信阳市,2,0.9545454545454546,0.9545454545454546,0.9030193580092806,0.9033645894463894,0.9750410846343467,1.0,1.0
威海,威海市,1,0.95,0.95,0.7684745216004151,0.9043703477255131,0.8290527478597073,1.0,1.0
泉州,泉州市,4,0.9482758620689655,0.9260610079575597,0.8639310583379323,0.9259690362970041,0.8114355231143553,1.0,1.0
荆州,荆州市,1,0.9473684210526315,0.9473684210526315,0.9614669726369824,0.9433983229996086,0.8870845771144279,1.0,1.0
宜宾,宜宾市,2,0.9444444444444444,0.9444444444444444,0.957283586429557,0.9664602380416045,0.9176146788990825,1.0,1.0
玉林,玉林市,2,0.9444444444444444,0.9444444444444444,0.9570580641025895,0.9779659087967358,0.9456266362354837,1.0,1.0
许昌,许昌市,2,0.9444444444444444,0.9444444444444444,0.7698786365810915,1.0,0.8823180379746836,1.0,1.0
常州,常州市,2,0.9375,0.9375,0.9090253180291052,0.8832761334228343,0.9403619712167466,1.0,1.0
揭阳,揭阳市,1,0.9375,0.9375,0.9181574074030343,0.9872391373247096,0.9870883676853827,1.0,1.0
上饶,上饶市,2,0.9330357142857143,0.9330357142857143,0.881979803416409,0.9042418307123665,0.9056203736674995,1.0,1.0
芜湖,芜湖市,2,0.9259259259259259,0.9259259259259259,0.8100243997211357,0.8671987143541227,0.9062935978917996,1.0,1.0
上海,上海,4,0.9251336898395721,0.9175932999462411,0.9227120269229347,0.9590380445209805,0.882363104013011,1.0,1.0
晋城,晋城市,1,0.9230769230769231,0.9230769230769231,0.9474556144005404,0.841921224304977,0.9395639628085924,1.0,1.0
苏州,苏州市,2,0.9198717948717949,0.9198717948717949,0.8744265672347351,0.9445199988004774,0.943977616637818,1.0,1.0
宣城,宣城市,2,0.9166666666666667,0.9166666666666667,0.7412667421170835,0.9410819515020901,0.8404893813481071,1.0,1.0
达州,达州市,2,0.9166666666666667,0.9166666666666667,0.8418945813019862,0.9905098602018969,0.8230883628702441,1.0,1.0
南充,南充市,1,0.9166666666666666,0.9166666666666666,0.9907819913521285,0.9310504019400986,0.9139088923052027,1.0,1.0
临沂,临沂市,3,0.9148936170212766,0.9081391421816954,0.9722511088896676,0.9363235815354237,0.9075921542103483,1.0,1.0
镇江,镇江市,1,0.9142857142857143,0.9142857142857143,0.9038753918876716,0.8644508849552223,0.8751382120479955,1.0,1.0
滨州,滨州市,2,0.90625,0.90625,0.8942072293701452,0.9266233630085267,0.7333965844402277,1.0,1.0
泰安,泰安市,2,0.905982905982906,0.905982905982906,0.9923957779888262,0.8944927884177725,0.9707243191404127,1.0,1.0
清远,清远市,3,0.8888888888888888,0.8518518518518517,0.7697665863664015,1.0,0.5494235957812117,1.0,1.0
唐山,唐山市,2,0.8888888888888888,0.8888888888888888,0.823404489829474,0.8830686534928515,0.9294143549097313,1.0,1.0
聊城,聊城市,2,0.8888888888888888,0.8888888888888888,0.9193977808189122,0.8005961299779725,0.7252204585537919,1.0,1.0
重庆,重庆,5,0.8823529411764706,0.8531372549019608,0.743380226025476,0.8170558737349766,0.488586122890914,1.0,1.0
南阳,南阳市,3,0.875,0.8842592592592592,0.7393108508818931,0.7625620898587893,0.5949642023972327,1.0,1.0
广元,广元市,2,0.875,0.875,0.7457356016558094,0.7744476013936727,0.6049618320610687,1.0,1.0
怀化,怀化市,2,0.875,0.875,0.9567439642576894,0.7705416991565752,0.8205033308660252,1.0,1.0
焦作,焦作市,2,0.875,0.875,0.8969017200248314,0.7989028619163913,0.828036904151717,1.0,1.0
丽水,丽水市,1,0.875,0.875,0.9251050212107624,1.0,0.788475565280817,1.0,1.0
周口,周口市,1,0.875,0.875,0.9084827193390611,0.927652161959229,0.9429333333333333,1.0,1.0
莆田,莆田市,1,0.875,0.875,0.9788364746032606,0.8491030697940241,0.9926639815880323,1.0,1.0
吉林,吉林市,2,0.8674242424242424,0.8674242424242424,0.8150526490302056,0.7953791963227611,0.8082834121562446,1.0,1.0
邯郸,邯郸市,3,0.8636363636363636,0.8101010101010101,0.8498048081248033,0.8946653864562906,0.9160665568854917,1.0,1.0
无锡,无锡市,3,0.8571428571428571,0.8100198412698413,0.8169397618701332,0.7797251026151181,0.7314285714285714,1.0,1.0
江门,江门市,2,0.8461538461538461,0.8461538461538461,0.8948105708334051,0.9176954987640196,0.8182434395274523,1.0,1.0
河源,河源市,1,0.8461538461538461,0.8461538461538461,0.9509210715048777,0.6906971928102257,0.8715747771541763,1.0,1.0
温州,温州市,4,0.844574780058651,0.8696558110819571,0.8915998806471026,0.8662396927523704,0.8784842444913836,1.0,1.0
鹤壁,鹤壁市,2,0.842741935483871,0.842741935483871,0.9169796805172425,0.8088209025917633,0.8694155958830962,1.0,1.0
铜陵,铜陵市,2,0.8377192982456141,0.8377192982456141,0.4336052869052125,1.0,0.6799688166010505,1.0,1.0
哈尔滨,哈尔滨市,2,0.8360215053763441,0.8360215053763441,0.8145474848684815,0.8566340000611853,0.8108252409587994,1.0,1.0
六安,六安市,3,0.8333333333333334,0.8333333333333334,0.9162074066017658,0.8928343885916821,0.7224583197123243,1.0,1.0
呼和浩特,呼和浩特市,3,0.8333333333333334,0.8444444444444444,0.8954354150088542,0.8630641707900757,0.9391456992393212,1.0,1.0
惠州,惠州市,3,0.8333333333333334,0.818100358422939,0.761516519035047,0.772119984060571,0.6655868742111906,1.0,1.0
自贡,自贡市,3,0.8333333333333334,0.8240740740740741,0.5394250698386951,0.8047912159760877,0.7369374811235276,1.0,1.0
开封,开封市,2,0.8333333333333333,0.8333333333333333,0.6915818094613531,0.8590130634784128,0.7705789887346084,1.0,1.0
随州,随州市,2,0.8295454545454546,0.8295454545454546,0.9529560797787289,0.5760471054758373,0.5952146072790896,1.0,1.0
徐州,徐州市,2,0.825,0.825,0.8024485687282301,0.8494340708211542,0.8948731952441358,1.0,1.0
眉山,眉山市,2,0.825,0.825,0.7667407370114583,0.6323465336013986,0.690026548357209,1.0,1.0
金华,金华市,4,0.8161764705882353,0.8080882352941177,0.8740293259105215,0.8848884728884769,0.8312788544819892,1.0,1.0
安阳,安阳市,2,0.8126148705096073,0.8126148705096073,0.7257833299863649,0.7707041154597509,0.7562748596635326,1.0,1.0
佛山,佛山市,3,0.8125,0.6852954144620811,0.697943810404186,0.7751350095619997,0.5680137999014293,1.0,0.6666666666666666
德阳,德阳市,3,0.8095238095238095,0.6147486772486772,0.8000347141914481,0.7022061495937288,0.7719009832126711,0.6666666666666666,0.6666666666666666
汕头,汕头市,3,0.8095238095238095,0.8227963525835866,0.8409610118177531,0.7773705789642607,0.772198162036548,1.0,1.0
长沙,长沙市,6,0.805921052631579,0.8130209383612287,0.8006914174982515,0.7783978549412127,0.8090025502838893,1.0,1.0
保定,保定市,3,0.8,0.8083333333333332,0.7695805477586574,0.7736286960957222,0.8190800979363414,1.0,1.0
株洲,株洲市,3,0.8,0.7805555555555556,0.7497100414686444,0.7946813252925136,0.48480157613284547,1.0,1.0
邢台,邢台市,3,0.8,0.719047619047619,0.7765488518220767,0.7820087254687177,0.6821686938548375,1.0,0.6666666666666666
萍乡,萍乡市,2,0.8,0.8,0.8693685836655705,0.47738377625992545,0.7529362094112229,1.0,1.0
衡阳,衡阳市,1,0.8,0.8,0.6509046474953684,0.7796421057058518,0.8254194467837015,1.0,1.0
北京,北京,6,0.7946112250606003,0.7874371404503702,0.7397818256410158,0.7240431523729245,0.7484057144338033,1.0,1.0
阳江,阳江市,2,0.7937062937062938,0.7937062937062938,0.5987210174797941,0.6869993419943108,0.7547886659477661,1.0,1.0
洛阳,洛阳市,3,0.7903225806451613,0.7249793217535153,0.7530114452952525,0.8074652263613257,0.6992202479867059,1.0,0.6666666666666666
兰州,兰州市,2,0.7878787878787878,0.7878787878787878,0.626517533704563,0.7303080050957368,0.7875358888782937,1.0,1.0
廊坊,廊坊市,2,0.7863247863247863,0.7863247863247863,0.6562858894877622,0.7699317795465406,0.6350704692615181,1.0,1.0
咸阳,咸阳市,2,0.7857142857142857,0.7857142857142857,0.7509667928641184,0.8170636677551277,0.6397090751194094,1.0,1.0
咸宁,咸宁市,2,0.7846153846153847,0.7846153846153847,0.9945282718008364,0.7713908242276541,0.7711282898782899,1.0,1.0
德州,德州市,2,0.775,0.775,0.805668829945485,0.8121006627242835,0.7702651120618342,1.0,1.0
青岛,青岛市,5,0.7735849056603774,0.742038225419264,0.6355706159790545,0.6557993171601335,0.5728,1.0,0.8
宜昌,宜昌市,2,0.7703488372093024,0.7703488372093024,0.7791874223878726,0.7705749490637578,0.760019783507038,1.0,1.0
杭州,杭州市,7,0.7666666666666667,0.7727222036355527,0.7502494736375535,0.731735029218185,0.7554228169930887,1.0,1.0
广州,广州市,6,0.764158743282348,0.7280529144274493,0.6892671960459444,0.6894205478667679,0.746264260696911,1.0,0.8333333333333334
扬州,扬州市,2,0.7638888888888888,0.7638888888888888,0.5484104648446912,0.7878347196365234,0.5693389946519947,1.0,1.0
遂宁,遂宁市,2,0.7583333333333333,0.7583333333333333,0.534106889428571,0.738875863239832,0.6396397650742446,1.0,1.0
南宁,南宁市,6,0.7573529411764706,0.7448752228163992,0.7113993704845976,0.6398960858141438,0.681767120458972,1.0,1.0
天津,天津,5,0.7540983606557377,0.7113052335598539,0.6154465884066822,0.6523520022878112,0.47691605442768337,1.0,1.0
濮阳,濮阳市,2,0.7529761904761905,0.7529761904761905,0.7930136545876683,0.8117043624364996,0.7878349951927713,1.0,1.0
成都,成都市,5,0.7515923566878981,0.7811334592036456,0.7194379691287625,0.7185582503717999,0.720316899419932,1.0,1.0
桂林,桂林市,3,0.75,0.7054730983302412,0.5371906779390966,0.5897540374490694,0.5112359550561798,1.0,1.0
马鞍山,马鞍山市,3,0.75,0.6397435897435898,0.6872959944720487,0.817022003918762,0.83578720062819,1.0,0.6666666666666666
宜春,宜春市,1,0.75,0.75,0.07673838320145858,0.8777000075754045,0.5367892976588629,1.0,1.0
抚州,抚州市,1,0.75,0.75,0.3844283567980785,0.6531250550972116,0.4005028040997873,1.0,1.0
太原,太原市,4,0.7482672314208703,0.7380680419399434,0.7254707841607115,0.684451901948998,0.7052435710863731,1.0,1.0
深圳,深圳市,7,0.7428571428571429,0.75013797972019,0.765360645269766,0.6788316950085552,0.6533553326974142,1.0,1.0
安庆,安庆市,2,0.7380952380952381,0.7380952380952381,0.7605778826505001,0.6793286257379827,0.6889081729901991,1.0,1.0
宁德,宁德市,2,0.7375,0.7375,0.5854215376249996,0.6475554998507682,0.5022565430675372,1.0,1.0
钦州,钦州市,2,0.7333333333333334,0.7333333333333334,0.8029256116036639,0.8494692356488199,0.7742245470275394,1.0,1.0
贵阳,贵阳市,5,0.7272727272727273,0.7294891774891774,0.7296491226066886,0.7041643312505526,0.48412811387900356,1.0,1.0
济宁,济宁市,3,0.7272727272727273,0.7371610845295056,0.7902843456184235,0.7322359914960778,0.5055243264198488,1.0,1.0
东莞,东莞市,4,0.7254641909814323,0.7088859416445623,0.6597296423253414,0.7547807793779147,0.7526874978899007,1.0,0.75
武汉,武汉市,5,0.7156862745098039,0.710521327140402,0.6167301523461282,0.6470839994889462,0.6104497268258335,1.0,0.8
黄石,黄石市,2,0.7156862745098038,0.7156862745098038,0.47870750458232825,0.7947692322954658,0.5373477452738324,1.0,1.0
珠海,珠海市,5,0.7142857142857143,0.7046532274715168,0.5441578231656783,0.6945117285778549,0.5830164765525983,1.0,1.0
三明,三明市,1,0.7142857142857143,0.7142857142857143,0.5355334613283548,0.4222877669946407,0.5827940616673011,1.0,1.0
乌海,乌海市,2,0.7054597701149425,0.7054597701149425,0.9311554262924371,0.675286490988517,0.9361906716687829,1.0,1.0
西安,西安市,7,0.7049180327868853,0.701509249570773,0.7063713209484652,0.6314663746641368,0.6770004729758782,1.0,1.0
阜阳,阜阳市,2,0.7,0.7,0.7339467988924562,0.6717627617117203,0.824215413121586,1.0,1.0
舟山,舟山市,2,0.6959677419354839,0.6959677419354839,0.5761431024673629,0.6911605745008282,0.6244346073655007,1.0,1.0
宝鸡,宝鸡市,3,0.6923076923076923,0.7863247863247863,0.645628183118913,0.5758263080822221,0.47525573679845173,1.0,1.0
雅安,雅安市,2,0.6888888888888889,0.6888888888888889,0.31925152027733666,0.5969504797648724,0.42057820234575566,1.0,1.0
合肥,合肥市,3,0.6875,0.7343954248366013,0.5600164438597971,0.5833496054032937,0.5564592226465963,1.0,1.0
长春,长春市,5,0.6666666666666666,0.6880952380952381,0.6502674005685053,0.640881769244913,0.472384910888595,1.0,1.0
三亚,三亚市,3,0.6666666666666666,0.6984126984126983,0.4125914707769663,0.46234895901764894,0.6393633540372671,1.0,1.0
九江,九江市,3,0.6666666666666666,0.494949494949495,0.5823865553626368,0.34350927392103925,0.8145999064108563,0.6666666666666666,0.6666666666666666
景德镇,景德镇市,3,0.6666666666666666,0.5615384615384615,0.40204015962012557,0.6483291007965704,0.5124800111242439,1.0,0.6666666666666666
庆阳,庆阳市,1,0.6666666666666666,0.6666666666666666,0.22061608602107383,0.6893239549715751,0.18398474737845566,1.0,1.0
泸州,泸州市,1,0.6666666666666666,0.6666666666666666,0.6158569341806089,0.6725540233606401,0.6987882285054818,1.0,1.0
遵义,遵义市,1,0.6666666666666666,0.6666666666666666,0.4562300204659997,0.33582302928800345,0.5720099079971691,1.0,1.0
铜仁,铜仁市,1,0.6666666666666666,0.6666666666666666,0.7718304821361862,0.8844086289953826,0.6768873403019744,1.0,1.0
新乡,新乡市,3,0.6507936507936508,0.7106966490299823,0.6076113112249607,0.5735425341631293,0.5299357085454058,1.0,1.0
潍坊,潍坊市,2,0.6477272727272727,0.6477272727272727,0.5295059945315417,0.6200018095905853,0.701553279105595,1.0,1.0
南京,南京市,6,0.6414285714285715,0.6739736652236652,0.4299121033914805,0.5263804093151068,0.39546417989870714,1.0,1.0
石家庄,石家庄市,6,0.6379391100702576,0.6172026030857498,0.6768001149613938,0.6242988645963994,0.6508530469939273,1.0,0.8333333333333334
岳阳,岳阳市,2,0.6309523809523809,0.6309523809523809,0.4144909254316988,0.5439449940125427,0.5515132385560662,1.0,0.5
绵阳,绵阳市,5,0.6274509803921569,0.6157552982079404,0.611575477772034,0.536747760929902,0.6183963969887242,1.0,0.6
宁波,宁波市,5,0.6226415094339622,0.6440277445861541,0.6208324612925605,0.5303338904292758,0.45622119815668205,1.0,1.0
大连,大连市,3,0.6170212765957447,0.6299440181018271,0.4726750451851135,0.5218477731557514,0.4835272601977259,1.0,0.6666666666666666
济南,济南市,7,0.6,0.5847846371056571,0.686352655008833,0.5427007696001381,0.6574589251816456,0.8571428571428571,0.7142857142857143
银川,银川市,2,0.59375,0.59375,0.5333341101009255,0.4227911665926343,0.3399027430826752,1.0,0.5
孝感,孝感市,2,0.5879120879120879,0.5879120879120879,0.48092220864950463,0.6759198853593994,0.5004468155833235,1.0,0.5
昆明,昆明市,7,0.5866666666666667,0.6451358007044086,0.48069615043323327,0.5167787232023694,0.5161327057394474,1.0,0.8571428571428571
淮北,淮北市,2,0.5852272727272727,0.5852272727272727,0.38299210387348337,0.44279573542629824,0.3162832923990119,1.0,1.0
渭南,渭南市,2,0.5852272727272727,0.5852272727272727,0.4310843107004738,0.7183218658361614,0.43644529989288705,1.0,1.0
襄阳,襄阳市,4,0.5742115027829313,0.6464807513914657,0.4978804202217867,0.6227180445519916,0.3975653852787985,1.0,0.5
福州,福州市,5,0.5714285714285714,0.5585614385614386,0.4743886734357751,0.5281079392821892,0.4697943967832783,1.0,0.6
乐山,乐山市,2,0.5666666666666667,0.5666666666666667,0.695672418455435,0.4726648161283826,0.381923868711459,1.0,0.5
北海,北海市,3,0.5555555555555556,0.5074074074074074,0.5733283428330039,0.5200766777669041,0.441321044546851,1.0,0.6666666666666666
海口,海口市,7,0.5526315789473685,0.5317405546610658,0.5601157450511832,0.518798621471482,0.4362505553087517,1.0,0.7142857142857143
蚌埠,蚌埠市,2,0.5333333333333333,0.5333333333333333,0.4641428247576108,0.456847422831068,0.45103086909407847,1.0,0.5
枣庄,枣庄市,2,0.5192307692307692,0.5192307692307692,0.417032053632154,0.21113606439446064,0.7131905871282951,1.0,0.5
郑州,郑州市,9,0.5189873417721519,0.5012847360462266,0.28571658523823124,0.4579266440341252,0.31673146534387986,0.8888888888888888,0.5555555555555556
秦皇岛,秦皇岛市,3,0.5,0.40196078431372556,0.7376839598289787,0.42863966850728646,0.4681350954478708,0.6666666666666666,0.3333333333333333
商丘,商丘市,4,0.48684210526315785,0.48974458204334365,0.4832165798101893,0.5259733453180515,0.4527737697255444,0.75,0.25
厦门,厦门市,7,0.4482758620689655,0.43030925013683635,0.11892176875857627,0.36375699693609287,0.32118599791013586,0.8571428571428571,0.14285714285714285
柳州,柳州市,3,0.4,0.43963963963963965,0.6178659777440546,0.5207155415809838,0.20413990007137758,0.6666666666666666,0.3333333333333333
南昌,南昌市,6,0.3878787878787879,0.46576244228418145,0.23926658299433062,0.3385725388607581,0.21784168282020322,1.0,0.3333333333333333
沧州,沧州市,2,0.375,0.375,0.40190787594260075,0.3546743312859697,0.4949417535254445,0.5,0.5
