city_clean,city_std,Event_ID,is_extreme,Event_Peak_Rain,total_affected_grids,total_reports,historical_hotspot_grids,covered_affected_grids,uncovered_affected_grids,impact_coverage_rate,uncovered_impact_share,report_weighted_coverage_rate,report_weighted_uncovered_share,population_exposure_outside_historical_hotspots,road_exposure_outside_historical_hotspots,function_exposure_outside_historical_hotspots,historical_hotspot_definition,event_impact_definition,analysis_scale_m
三亚市,三亚,268,1,90.66284942626952,7,11.0,12,1,6,0.14285714285714285,0.8571428571428571,0.18181818181818182,0.8181818181818182,0.6966755689160441,0.7263781855232309,0.7001006795872137,loo_positive_history_top_20pct,gt0,1000
三亚市,三亚,1283,1,61.851539611816406,12,19.0,13,4,8,0.3333333333333333,0.6666666666666666,0.5263157894736842,0.47368421052631576,0.4125914707769663,0.46234895901764894,0.6393633540372671,loo_positive_history_top_20pct,gt0,1000
三亚市,三亚,2108,1,74.82465362548828,7,14.0,12,3,4,0.42857142857142855,0.5714285714285714,0.6428571428571429,0.35714285714285715,0.07142608569583878,0.306469515996873,0.5098321342925659,loo_positive_history_top_20pct,gt0,1000
三明市,三明,3682,1,51.83521270751954,7,11.0,3,2,5,0.2857142857142857,0.7142857142857143,0.45454545454545453,0.5454545454545454,0.5355334613283548,0.4222877669946407,0.5827940616673011,loo_positive_history_top_20pct,gt0,1000
上海,上海,689,1,58.90389251708984,7,32.0,60,1,6,0.14285714285714285,0.8571428571428571,0.03125,0.96875,0.8585320239570011,0.9876282235337757,0.7808695652173913,loo_positive_history_top_20pct,gt0,1000
上海,上海,1266,1,69.8499984741211,17,31.0,59,1,16,0.058823529411764705,0.9411764705882353,0.03225806451612903,0.967741935483871,0.9894724269580655,0.9459527287441338,0.9838566428086307,loo_positive_history_top_20pct,gt0,1000
上海,上海,4601,1,78.74647521972656,11,18.0,60,1,10,0.09090909090909091,0.9090909090909091,0.4444444444444444,0.5555555555555556,0.7576043444072439,0.8683375716956443,0.6187263739459146,loo_positive_history_top_20pct,gt0,1000
上海,上海,4711,1,68.21519470214844,27,45.0,58,1,26,0.037037037037037035,0.9629629629629629,0.022222222222222223,0.9777777777777777,0.9868920298888684,0.9721233602978272,0.9919516578542964,loo_positive_history_top_20pct,gt0,1000
上饶市,上饶,2357,1,76.06207275390625,16,29.0,7,1,15,0.0625,0.9375,0.10344827586206896,0.896551724137931,0.9186370105373083,0.913616126711327,0.9134680460214638,loo_positive_history_top_20pct,gt0,1000
上饶市,上饶,5398,1,75.98422241210938,14,25.0,7,1,13,0.07142857142857142,0.9285714285714286,0.04,0.96,0.8453225962955098,0.894867534713406,0.8977727013135351,loo_positive_history_top_20pct,gt0,1000
东莞市,东莞,717,1,72.65945434570312,2,2.0,33,0,2,0.0,1.0,0.0,1.0,1.0,1.0,1.0,loo_positive_history_top_20pct,gt0,1000
东莞市,东莞,3510,1,57.53826904296874,13,19.0,33,4,9,0.3076923076923077,0.6923076923076923,0.47368421052631576,0.5263157894736842,0.5670941992204808,0.7239104144247216,0.7405628002745367,loo_positive_history_top_20pct,gt0,1000
东莞市,东莞,4517,1,64.35569763183594,29,54.0,32,7,22,0.2413793103448276,0.7586206896551724,0.3888888888888889,0.6111111111111112,0.7523650854302019,0.7856511443311076,0.7648121955052648,loo_positive_history_top_20pct,gt0,1000
东莞市,东莞,5297,1,56.735939025878906,13,23.0,33,8,5,0.6153846153846154,0.38461538461538464,0.7391304347826086,0.2608695652173913,0.2919564785954385,0.35178609929007937,0.11107302022625985,loo_positive_history_top_20pct,gt0,1000
中山市,中山,353,1,53.88318634033203,10,12.0,21,3,7,0.3,0.7,0.25,0.75,0.7594961140680425,0.6432263372417374,0.7690075449796866,loo_positive_history_top_20pct,gt0,1000
中山市,中山,1788,1,55.95330810546874,4,7.0,21,0,4,0.0,1.0,0.0,1.0,1.0,1.0,1.0,loo_positive_history_top_20pct,gt0,1000
中山市,中山,5927,1,66.0999984741211,7,8.0,20,0,7,0.0,1.0,0.0,1.0,1.0,1.0,1.0,loo_positive_history_top_20pct,gt0,1000
临沂市,临沂,103,1,51.19245147705078,21,34.0,42,4,17,0.19047619047619047,0.8095238095238095,0.23529411764705882,0.7647058823529411,0.9081762057201931,0.8541025985807142,0.7404605929627879,loo_positive_history_top_20pct,gt0,1000
临沂市,临沂,3467,1,55.131080627441406,8,8.0,43,0,8,0.0,1.0,0.0,1.0,1.0,1.0,1.0,loo_positive_history_top_20pct,gt0,1000
临沂市,临沂,4955,1,74.95748138427734,47,147.0,39,4,43,0.0851063829787234,0.9148936170212766,0.061224489795918366,0.9387755102040817,0.9722511088896676,0.9363235815354237,0.9075921542103483,loo_positive_history_top_20pct,gt0,1000
丽水市,丽水,3852,1,58.64066696166992,8,17.0,2,1,7,0.125,0.875,0.23529411764705882,0.7647058823529411,0.9251050212107624,1.0,0.788475565280817,loo_positive_history_top_20pct,gt0,1000
乌海市,乌海,3531,1,25.23545455932617,29,125.0,8,5,24,0.1724137931034483,0.8275862068965517,0.376,0.624,0.9333960125695294,0.7730661741831013,0.9601757758857457,loo_positive_history_top_20pct,gt0,1000
乌海市,乌海,5047,1,18.1865463256836,12,62.0,10,5,7,0.4166666666666667,0.5833333333333334,0.5,0.5,0.9289148400153449,0.5775068077939328,0.9122055674518201,loo_positive_history_top_20pct,gt0,1000
乐山市,乐山,4082,1,52.93716430664063,3,10.0,11,1,2,0.3333333333333333,0.6666666666666666,0.6,0.4,0.8260947395580489,0.41229547220460516,0.4605110336817654,loo_positive_history_top_20pct,gt0,1000
乐山市,乐山,4128,1,57.51617813110352,15,59.0,11,8,7,0.5333333333333333,0.4666666666666667,0.559322033898305,0.4406779661016949,0.5652500973528211,0.5330341600521601,0.3033367037411527,loo_positive_history_top_20pct,gt0,1000
九江市,九江,1835,1,89.90491485595705,22,34.0,9,4,18,0.18181818181818182,0.8181818181818182,0.2647058823529412,0.7352941176470589,0.8781629345109394,0.7705735671003643,0.8145999064108563,loo_positive_history_top_20pct,gt0,1000
九江市,九江,2358,1,83.37647247314453,3,3.0,11,1,2,0.3333333333333333,0.6666666666666666,0.3333333333333333,0.6666666666666666,0.5823865553626368,0.34350927392103925,0.8964635705155518,loo_positive_history_top_20pct,gt0,1000
九江市,九江,5237,1,81.07100677490234,1,1.0,11,1,0,1.0,0.0,1.0,0.0,0.0,0.0,0.0,loo_positive_history_top_20pct,gt0,1000
伊春市,伊春,3317,1,56.28245544433594,4,11.0,0,0,4,0.0,1.0,0.0,1.0,1.0,1.0,1.0,loo_positive_history_top_20pct,gt0,1000
佛山市,佛山,3027,1,50.34381866455078,96,283.0,30,18,78,0.1875,0.8125,0.3003533568904594,0.6996466431095406,0.7670388050506909,0.7751350095619997,0.7019723865877712,loo_positive_history_top_20pct,gt0,1000
佛山市,佛山,4519,1,75.78427124023438,7,12.0,42,4,3,0.5714285714285714,0.42857142857142855,0.5,0.5,0.22229578101671954,0.46975961395377247,0.1535378835316218,loo_positive_history_top_20pct,gt0,1000
佛山市,佛山,5366,1,46.51721954345704,27,33.0,40,5,22,0.18518518518518517,0.8148148148148148,0.24242424242424243,0.7575757575757576,0.697943810404186,0.7963740450897921,0.5680137999014293,loo_positive_history_top_20pct,gt0,1000
保定市,保定,1947,1,68.80370330810547,24,34.0,32,9,15,0.375,0.625,0.47058823529411764,0.5294117647058824,0.7695805477586574,0.6217792906891477,0.8190800979363414,loo_positive_history_top_20pct,gt0,1000
保定市,保定,3267,1,64.44817352294922,5,9.0,33,1,4,0.2,0.8,0.2222222222222222,0.7777777777777778,0.5073331483455075,0.9254781015022967,0.4912597950572634,loo_positive_history_top_20pct,gt0,1000
保定市,保定,3359,1,68.52918243408203,2,12.0,32,0,2,0.0,1.0,0.0,1.0,1.0,,1.0,loo_positive_history_top_20pct,gt0,1000
信阳市,信阳,4805,1,76.10560607910156,11,21.0,12,1,10,0.09090909090909091,0.9090909090909091,0.047619047619047616,0.9523809523809523,0.8060387160185611,0.8067291788927788,0.9500821692686935,loo_positive_history_top_20pct,gt0,1000
信阳市,信阳,5738,1,97.2115707397461,3,3.0,13,0,3,0.0,1.0,0.0,1.0,1.0,1.0,1.0,loo_positive_history_top_20pct,gt0,1000
儋州市,儋州,2104,1,87.1983413696289,5,8.0,2,0,5,0.0,1.0,0.0,1.0,1.0,1.0,1.0,loo_positive_history_top_20pct,gt0,1000
六安市,六安,1809,1,57.16069412231445,6,6.0,13,2,4,0.3333333333333333,0.6666666666666666,0.3333333333333333,0.6666666666666666,0.443617505167483,0.38317172512686537,0.2856587640886125,loo_positive_history_top_20pct,gt0,1000
六安市,六安,3331,1,52.632999420166016,6,13.0,12,1,5,0.16666666666666666,0.8333333333333334,0.07692307692307693,0.9230769230769231,0.9162074066017658,0.8928343885916821,0.7224583197123243,loo_positive_history_top_20pct,gt0,1000
六安市,六安,4801,1,67.09221649169922,56,169.0,3,0,56,0.0,1.0,0.0,1.0,1.0,1.0,1.0,loo_positive_history_top_20pct,gt0,1000
兰州市,兰州,24,1,24.49703025817871,6,11.0,20,2,4,0.3333333333333333,0.6666666666666666,0.18181818181818182,0.8181818181818182,0.3607268439491118,0.5780842031976778,0.6978666666666666,loo_positive_history_top_20pct,gt0,1000
兰州市,兰州,3281,1,22.595371246337887,66,532.0,14,6,60,0.09090909090909091,0.9090909090909091,0.14097744360902256,0.8590225563909775,0.8923082234600143,0.8825318069937957,0.8772051110899208,loo_positive_history_top_20pct,gt0,1000
北京,北京,150,1,53.40113830566406,54,134.0,175,18,36,0.3333333333333333,0.6666666666666666,0.47761194029850745,0.5223880597014925,0.6289047256386759,0.6786848080875957,0.648,loo_positive_history_top_20pct,gt0,1000
北京,北京,1926,1,74.80223083496094,157,292.0,166,37,120,0.2356687898089172,0.7643312101910829,0.339041095890411,0.660958904109589,0.7797235670219091,0.7087454944595148,0.7366591676040495,loo_positive_history_top_20pct,gt0,1000
北京,北京,3262,1,73.00611877441406,173,591.0,165,32,141,0.18497109826589594,0.815028901734104,0.17428087986463622,0.8257191201353637,0.8195621230054898,0.7743520159525,0.753673591832169,loo_positive_history_top_20pct,gt0,1000
北京,北京,3308,1,58.9424057006836,31,44.0,176,7,24,0.22580645161290322,0.7741935483870968,0.2727272727272727,0.7272727272727273,0.6376480719443628,0.6747020923000513,0.8070140179872382,loo_positive_history_top_20pct,gt0,1000
北京,北京,3369,1,67.31710815429688,72,112.0,173,12,60,0.16666666666666666,0.8333333333333334,0.23214285714285715,0.7678571428571429,0.6998400842601223,0.7393408102863341,0.7431378370354377,loo_positive_history_top_20pct,gt0,1000
北京,北京,7098,1,46.6526756286621,318,1399.0,139,41,277,0.1289308176100629,0.8710691823899371,0.19299499642601858,0.8070050035739814,0.8102017131438418,0.8143463284606476,0.801328821393199,loo_positive_history_top_20pct,gt0,1000
北海市,北海,265,1,87.10291290283203,9,12.0,7,4,5,0.4444444444444444,0.5555555555555556,0.5,0.5,0.5733283428330039,0.5200766777669041,0.441321044546851,loo_positive_history_top_20pct,gt0,1000
北海市,北海,320,1,55.114776611328125,10,21.0,8,7,3,0.7,0.3,0.7619047619047619,0.23809523809523808,0.2808472389008859,0.3042693694516586,0.2756838905775076,loo_positive_history_top_20pct,gt0,1000
北海市,北海,600,1,100.46524047851562,9,12.0,7,3,6,0.3333333333333333,0.6666666666666666,0.25,0.75,0.6037327910453921,0.6681887317511486,0.6119936457505957,loo_positive_history_top_20pct,gt0,1000
南京市,南京,445,1,82.61363220214844,20,43.0,82,8,12,0.4,0.6,0.627906976744186,0.37209302325581395,0.31283337477671097,0.4601327111684434,0.3570636996320759,loo_positive_history_top_20pct,gt0,1000
南京市,南京,3918,1,55.97428894042969,11,14.0,82,4,7,0.36363636363636365,0.6363636363636364,0.35714285714285715,0.6428571428571429,0.5564297061558003,0.5423036253305874,0.24196463147024655,loo_positive_history_top_20pct,gt0,1000
南京市,南京,4604,1,54.61111450195312,66,133.0,79,19,47,0.2878787878787879,0.7121212121212122,0.2556390977443609,0.7443609022556391,0.47047235852812247,0.5791372722540199,0.43386466016533837,loo_positive_history_top_20pct,gt0,1000
南京市,南京,4797,1,56.45916366577149,25,55.0,81,9,16,0.36,0.64,0.2545454545454545,0.7454545454545455,0.38935184825483854,0.5104571932996261,0.3185678601165695,loo_positive_history_top_20pct,gt0,1000
南京市,南京,5517,1,57.83370971679688,14,24.0,82,5,9,0.35714285714285715,0.6428571428571429,0.375,0.625,0.33991873757886754,0.43402030255985485,0.5772495755517827,loo_positive_history_top_20pct,gt0,1000
南京市,南京,5579,1,49.80371475219727,16,25.0,81,3,13,0.1875,0.8125,0.12,0.88,0.6259831548108179,0.7437361228454681,0.6553415061295972,loo_positive_history_top_20pct,gt0,1000
南充市,南充,1504,1,51.04774856567384,12,22.0,5,1,11,0.08333333333333333,0.9166666666666666,0.2727272727272727,0.7272727272727273,0.9907819913521285,0.9310504019400986,0.9139088923052027,loo_positive_history_top_20pct,gt0,1000
南宁市,南宁,15,1,73.42735290527344,14,21.0,33,3,11,0.21428571428571427,0.7857142857142857,0.19047619047619047,0.8095238095238095,0.7507089667168095,0.8216499083095115,0.7124152074459694,loo_positive_history_top_20pct,gt0,1000
南宁市,南宁,160,1,72.66978454589844,11,14.0,33,4,7,0.36363636363636365,0.6363636363636364,0.5,0.5,0.7061688201334453,0.6458163441302207,0.6121120723866974,loo_positive_history_top_20pct,gt0,1000
南宁市,南宁,1667,1,84.23100280761719,49,158.0,31,14,35,0.2857142857142857,0.7142857142857143,0.6455696202531646,0.35443037974683544,0.36662296966271873,0.6125093604129631,0.6087036780654391,loo_positive_history_top_20pct,gt0,1000
南宁市,南宁,2427,1,113.52899169921876,8,14.0,33,2,6,0.25,0.75,0.2857142857142857,0.7142857142857143,0.33282114950313346,0.6339758274980668,0.6511190334719746,loo_positive_history_top_20pct,gt0,1000
南宁市,南宁,3310,1,61.96138381958008,34,60.0,31,8,26,0.23529411764705882,0.7647058823529411,0.31666666666666665,0.6833333333333333,0.71662992083575,0.6959136606303025,0.7135214956395753,loo_positive_history_top_20pct,gt0,1000
南宁市,南宁,4021,1,64.1739273071289,11,14.0,33,2,9,0.18181818181818182,0.8181818181818182,0.2857142857142857,0.7142857142857143,0.9138531457507649,0.6334835314634001,0.8817402690155934,loo_positive_history_top_20pct,gt0,1000
南平市,南平,3945,1,69.65949249267578,9,22.0,2,0,9,0.0,1.0,0.0,1.0,1.0,1.0,1.0,loo_positive_history_top_20pct,gt0,1000
南昌市,南昌,296,1,52.88372421264648,37,145.0,58,25,12,0.6756756756756757,0.32432432432432434,0.8551724137931035,0.14482758620689656,0.21918406900097265,0.35082003762734126,0.1922712703962704,loo_positive_history_top_20pct,gt0,1000
南昌市,南昌,473,1,48.7550048828125,44,101.0,57,26,18,0.5909090909090909,0.4090909090909091,0.801980198019802,0.19801980198019803,0.2593490969876886,0.3263250400941749,0.2339086626775549,loo_positive_history_top_20pct,gt0,1000
南昌市,南昌,822,1,78.26285552978516,23,70.0,57,15,8,0.6521739130434783,0.34782608695652173,0.8,0.2,0.1579083075334663,0.26783914532452485,0.20177470296285155,loo_positive_history_top_20pct,gt0,1000
南昌市,南昌,2359,1,81.9691162109375,30,80.0,58,19,11,0.6333333333333333,0.36666666666666664,0.675,0.325,0.2017422434714404,0.31777957581555766,0.13317903952101834,loo_positive_history_top_20pct,gt0,1000
南昌市,南昌,3994,1,94.73480224609376,100,248.0,56,32,68,0.32,0.68,0.47580645161290325,0.5241935483870968,0.520795339150962,0.6357371720439721,0.43182362506460276,loo_positive_history_top_20pct,gt0,1000
南昌市,南昌,5196,1,81.2809295654297,48,104.0,56,16,32,0.3333333333333333,0.6666666666666666,0.41346153846153844,0.5865384615384616,0.5496690028875899,0.5836231290468292,0.43298333889559215,loo_positive_history_top_20pct,gt0,1000
南通市,南通,1745,1,77.27294921875,10,14.0,1,0,10,0.0,1.0,0.0,1.0,1.0,1.0,1.0,loo_positive_history_top_20pct,gt0,1000
南阳市,南阳,1956,1,38.59742736816406,8,19.0,16,1,7,0.125,0.875,0.10526315789473684,0.8947368421052632,0.736641382687563,0.7625620898587893,0.5029520295202952,loo_positive_history_top_20pct,gt0,1000
南阳市,南阳,4826,1,70.75160217285156,36,138.0,14,8,28,0.2222222222222222,0.7777777777777778,0.30434782608695654,0.6956521739130435,0.7393108508818931,0.7231720549042028,0.5949642023972327,loo_positive_history_top_20pct,gt0,1000
南阳市,南阳,5867,1,40.41130828857422,8,15.0,16,0,8,0.0,1.0,0.0,1.0,1.0,1.0,1.0,loo_positive_history_top_20pct,gt0,1000
厦门市,厦门,388,1,30.639652252197266,8,10.0,43,6,2,0.75,0.25,0.8,0.2,0.024448796674785715,0.30005346053244325,0.344266788487894,loo_positive_history_top_20pct,gt0,1000
厦门市,厦门,574,1,37.04954147338867,10,67.0,42,6,4,0.6,0.4,0.8656716417910447,0.13432835820895522,0.14087404451611235,0.36375699693609287,0.4746851709072218,loo_positive_history_top_20pct,gt0,1000
厦门市,厦门,778,1,88.93655395507812,5,8.0,43,3,2,0.6,0.4,0.375,0.625,0.25069631658604213,0.2945005378705177,0.10093652445369407,loo_positive_history_top_20pct,gt0,1000
厦门市,厦门,1598,1,39.93134689331056,18,73.0,42,9,9,0.5,0.5,0.5342465753424658,0.4657534246575342,0.10894069547072875,0.38921255848727865,0.26430791298111406,loo_positive_history_top_20pct,gt0,1000
厦门市,厦门,2133,1,68.83145141601562,29,77.0,42,16,13,0.5517241379310345,0.4482758620689655,0.6883116883116883,0.3116883116883117,0.11892176875857627,0.317909941104404,0.24058755315036723,loo_positive_history_top_20pct,gt0,1000
厦门市,厦门,3514,1,31.40517807006836,24,89.0,42,13,11,0.5416666666666666,0.4583333333333333,0.8202247191011236,0.1797752808988764,0.09164339485846325,0.45031232355799466,0.32118599791013586,loo_positive_history_top_20pct,gt0,1000
厦门市,厦门,5649,1,40.112281799316406,18,44.0,42,8,10,0.4444444444444444,0.5555555555555556,0.5,0.5,0.48765441519042524,0.5528489648122197,0.5240523542410335,loo_positive_history_top_20pct,gt0,1000
台州市,台州,4212,1,113.9600067138672,108,217.0,3,1,107,0.009259259259259259,0.9907407407407407,0.004608294930875576,0.9953917050691244,0.97666028570479,0.9872362742530836,0.9599564538268567,loo_positive_history_top_20pct,gt0,1000
合肥市,合肥,503,1,65.04411315917969,17,32.0,58,2,15,0.11764705882352941,0.8823529411764706,0.09375,0.90625,0.9254793318942439,0.8612300567466451,0.8912593984962406,loo_positive_history_top_20pct,gt0,1000
合肥市,合肥,2741,1,66.37077331542969,30,123.0,57,11,19,0.36666666666666664,0.6333333333333333,0.35772357723577236,0.6422764227642277,0.5029063637273564,0.5833496054032937,0.5170968453562762,loo_positive_history_top_20pct,gt0,1000
合肥市,合肥,5456,1,68.9690933227539,32,85.0,58,10,22,0.3125,0.6875,0.36470588235294116,0.6352941176470588,0.5600164438597971,0.5760811561014704,0.5564592226465963,loo_positive_history_top_20pct,gt0,1000
吉安市,吉安,3777,1,51.74658203125,15,26.0,3,0,15,0.0,1.0,0.0,1.0,1.0,1.0,1.0,loo_positive_history_top_20pct,gt0,1000
吉林市,吉林,2507,1,40.41184997558594,11,17.0,7,2,9,0.18181818181818182,0.8181818181818182,0.23529411764705882,0.7647058823529411,0.6937512772257388,0.6937929388629214,0.78747591522158,loo_positive_history_top_20pct,gt0,1000
吉林市,吉林,5058,1,34.70683288574219,12,30.0,7,1,11,0.08333333333333333,0.9166666666666666,0.2,0.8,0.9363540208346723,0.8969654537826008,0.8290909090909091,loo_positive_history_top_20pct,gt0,1000
周口市,周口,4827,1,90.84552001953124,16,19.0,6,2,14,0.125,0.875,0.10526315789473684,0.8947368421052632,0.9084827193390611,0.927652161959229,0.9429333333333333,loo_positive_history_top_20pct,gt0,1000
呼伦贝尔市,呼伦贝尔,5537,1,53.30622100830078,1,1.0,0,0,1,0.0,1.0,0.0,1.0,1.0,1.0,1.0,loo_positive_history_top_20pct,gt0,1000
呼和浩特市,呼和浩特,3255,1,48.0414924621582,40,66.0,21,2,38,0.05,0.95,0.13636363636363635,0.8636363636363636,0.9758243652117881,0.9751568796421484,0.9860763255083415,loo_positive_history_top_20pct,gt0,1000
呼和浩特市,呼和浩特,4850,1,49.11623764038086,24,29.0,23,4,20,0.16666666666666666,0.8333333333333334,0.1724137931034483,0.8275862068965517,0.8954354150088542,0.8630641707900757,0.9391456992393212,loo_positive_history_top_20pct,gt0,1000
呼和浩特市,呼和浩特,5722,1,39.87744903564453,8,9.0,24,2,6,0.25,0.75,0.2222222222222222,0.7777777777777778,0.6773438755766109,0.8179047414941756,0.827653740697219,loo_positive_history_top_20pct,gt0,1000
咸宁市,咸宁,2658,1,32.278533935546875,20,39.0,6,4,16,0.2,0.8,0.3333333333333333,0.6666666666666666,0.9933720514693298,0.7890402880802826,0.7941602316602316,loo_positive_history_top_20pct,gt0,1000
咸宁市,咸宁,4721,1,71.56754302978516,13,44.0,8,3,10,0.23076923076923078,0.7692307692307693,0.5,0.5,0.9956844921323428,0.7537413603750258,0.7480963480963481,loo_positive_history_top_20pct,gt0,1000
咸阳市,咸阳,2010,1,47.83387756347656,7,17.0,10,3,4,0.42857142857142855,0.5714285714285714,0.5294117647058824,0.47058823529411764,0.5019335857282367,0.6341273355102555,0.27941815023881894,loo_positive_history_top_20pct,gt0,1000
咸阳市,咸阳,5877,1,32.914024353027344,12,14.0,8,0,12,0.0,1.0,0.0,1.0,1.0,1.0,1.0,loo_positive_history_top_20pct,gt0,1000
哈尔滨市,哈尔滨,2589,1,66.89727020263672,31,39.0,24,5,26,0.16129032258064516,0.8387096774193549,0.20512820512820512,0.7948717948717948,0.8292879238582357,0.8112755410783673,0.7835017392744741,loo_positive_history_top_20pct,gt0,1000
哈尔滨市,哈尔滨,4304,1,98.58970642089844,12,14.0,25,2,10,0.16666666666666666,0.8333333333333334,0.14285714285714285,0.8571428571428571,0.7998070458787272,0.9019924590440033,0.8381487426431247,loo_positive_history_top_20pct,gt0,1000
唐山市,唐山,3312,1,93.4897689819336,18,18.0,9,4,14,0.2222222222222222,0.7777777777777778,0.2222222222222222,0.7777777777777778,0.646808979658948,0.7661373069857029,0.8588287098194628,loo_positive_history_top_20pct,gt0,1000
唐山市,唐山,5472,1,91.14431762695312,9,9.0,8,0,9,0.0,1.0,0.0,1.0,1.0,1.0,1.0,loo_positive_history_top_20pct,gt0,1000
商丘市,商丘,2618,1,59.74220657348633,10,12.0,30,5,5,0.5,0.5,0.5833333333333334,0.4166666666666667,0.49299973713328854,0.6117377752741184,0.49369747899159666,loo_positive_history_top_20pct,gt0,1000
商丘市,商丘,4190,1,56.09131240844727,4,11.0,30,3,1,0.75,0.25,0.7272727272727273,0.2727272727272727,0.25177087446375906,0.39280205127135703,0.41185006045949213,loo_positive_history_top_20pct,gt0,1000
商丘市,商丘,4828,1,61.99617767333984,68,265.0,26,18,50,0.2647058823529412,0.7352941176470589,0.3849056603773585,0.6150943396226415,0.6069709614952489,0.6201695587754514,0.5916144687094408,loo_positive_history_top_20pct,gt0,1000
商丘市,商丘,4895,1,73.09719848632812,19,42.0,30,10,9,0.5263157894736842,0.47368421052631576,0.4523809523809524,0.5476190476190477,0.47343342248708997,0.4402089153619845,0.383082158483228,loo_positive_history_top_20pct,gt0,1000
嘉兴市,嘉兴,1653,1,59.53095626831056,4,7.0,10,0,4,0.0,1.0,0.0,1.0,1.0,1.0,1.0,loo_positive_history_top_20pct,gt0,1000
嘉兴市,嘉兴,4213,1,55.73699951171874,7,9.0,9,0,7,0.0,1.0,0.0,1.0,1.0,1.0,1.0,loo_positive_history_top_20pct,gt0,1000
大庆市,大庆,3284,1,51.94760894775391,10,12.0,6,0,10,0.0,1.0,0.0,1.0,1.0,1.0,1.0,loo_positive_history_top_20pct,gt0,1000
大连市,大连,2601,1,50.93144226074219,47,100.0,44,18,29,0.3829787234042553,0.6170212765957447,0.44,0.56,0.4726750451851135,0.5218477731557514,0.4835272601977259,loo_positive_history_top_20pct,gt0,1000
大连市,大连,3484,1,86.8176040649414,142,430.0,33,23,119,0.1619718309859155,0.8380281690140845,0.32325581395348835,0.6767441860465117,0.6624808425058711,0.7852813244741828,0.7307430593358737,loo_positive_history_top_20pct,gt0,1000
大连市,大连,4152,1,69.28305053710938,46,67.0,44,26,20,0.5652173913043478,0.43478260869565216,0.6268656716417911,0.373134328358209,0.40329715735575933,0.43084790425233277,0.41490327536839167,loo_positive_history_top_20pct,gt0,1000
天津,天津,3309,1,93.4897689819336,213,635.0,84,49,164,0.2300469483568075,0.7699530516431925,0.41732283464566927,0.5826771653543307,0.6969033501273831,0.7012001922081246,0.5928898617698326,loo_positive_history_top_20pct,gt0,1000
天津,天津,4090,1,64.17932891845705,29,63.0,99,8,21,0.27586206896551724,0.7241379310344828,0.36507936507936506,0.6349206349206349,0.5857733849997695,0.5587373941214786,0.47641797113234396,loo_positive_history_top_20pct,gt0,1000
天津,天津,4851,1,87.21539306640625,31,48.0,99,15,16,0.4838709677419355,0.5161290322580645,0.5208333333333334,0.4791666666666667,0.246122761693437,0.33174648749143065,0.2174909529553679,loo_positive_history_top_20pct,gt0,1000
天津,天津,5469,1,83.80628204345705,61,165.0,96,15,46,0.2459016393442623,0.7540983606557377,0.43636363636363634,0.5636363636363636,0.6990133987267285,0.7027876956127966,0.6499233663090428,loo_positive_history_top_20pct,gt0,1000
天津,天津,7099,1,65.1500015258789,77,176.0,93,16,61,0.2077922077922078,0.7922077922077922,0.1590909090909091,0.8409090909090909,0.6154465884066822,0.6523520022878112,0.47691605442768337,loo_positive_history_top_20pct,gt0,1000
太原市,太原,1940,1,30.02821350097656,98,318.0,50,29,69,0.29591836734693877,0.7040816326530612,0.37735849056603776,0.6226415094339622,0.6469399846156427,0.6635003627054195,0.6686502746534135,loo_positive_history_top_20pct,gt0,1000
太原市,太原,3220,1,30.791172027587887,61,135.0,53,21,40,0.3442622950819672,0.6557377049180327,0.4,0.6,0.67923294621586,0.5994050329982372,0.6910556117649147,loo_positive_history_top_20pct,gt0,1000
太原市,太原,4878,1,25.59843063354492,53,150.0,52,11,42,0.20754716981132076,0.7924528301886793,0.24666666666666667,0.7533333333333333,0.7871306225251197,0.7331399684268273,0.7194315304078316,loo_positive_history_top_20pct,gt0,1000
太原市,太原,6276,1,44.09000015258789,25,28.0,54,5,20,0.2,0.8,0.21428571428571427,0.7857142857142857,0.7717086221055632,0.7054034411925765,0.7993432793204369,loo_positive_history_top_20pct,gt0,1000
威海市,威海,953,1,61.84230041503906,20,32.0,2,1,19,0.05,0.95,0.1875,0.8125,0.7684745216004151,0.9043703477255131,0.8290527478597073,loo_positive_history_top_20pct,gt0,1000
孝感市,孝感,4729,1,78.00809478759766,13,25.0,7,7,6,0.5384615384615384,0.46153846153846156,0.64,0.36,0.38701120087023927,0.5360529982859511,0.3503396829625683,loo_positive_history_top_20pct,gt0,1000
孝感市,孝感,5240,1,58.9002571105957,21,74.0,6,6,15,0.2857142857142857,0.7142857142857143,0.40540540540540543,0.5945945945945946,0.57483321642877,0.8157867724328477,0.6505539482040787,loo_positive_history_top_20pct,gt0,1000
宁德市,宁德,2147,1,39.49727249145508,5,14.0,4,2,3,0.4,0.6,0.21428571428571427,0.7857142857142857,0.5920225228675018,0.5845791225185698,0.45944734876773713,loo_positive_history_top_20pct,gt0,1000
宁德市,宁德,5660,1,55.36602783203125,8,16.0,4,1,7,0.125,0.875,0.375,0.625,0.5788205523824975,0.7105318771829666,0.5450657373673372,loo_positive_history_top_20pct,gt0,1000
宁波市,宁波,222,1,70.00985717773438,25,27.0,101,10,15,0.4,0.6,0.4444444444444444,0.5555555555555556,0.6208324612925605,0.5032156201297638,0.45622119815668205,loo_positive_history_top_20pct,gt0,1000
宁波市,宁波,686,1,80.43606567382812,71,130.0,100,32,39,0.4507042253521127,0.5492957746478874,0.5384615384615384,0.46153846153846156,0.44346175865267734,0.49930007147451766,0.31987162839016064,loo_positive_history_top_20pct,gt0,1000
宁波市,宁波,3583,1,54.66999816894531,53,111.0,100,20,33,0.37735849056603776,0.6226415094339622,0.5585585585585585,0.44144144144144143,0.4140008708811673,0.5303338904292758,0.3932261397391192,loo_positive_history_top_20pct,gt0,1000
宁波市,宁波,4214,1,84.60758972167967,139,366.0,93,35,104,0.2517985611510791,0.7482014388489209,0.3333333333333333,0.6666666666666666,0.639937223048091,0.6964410250843686,0.6147128161165881,loo_positive_history_top_20pct,gt0,1000
宁波市,宁波,5830,1,49.194705963134766,70,238.0,98,21,49,0.3,0.7,0.3865546218487395,0.6134453781512605,0.6598822333716681,0.6100961975812843,0.6578841888678085,loo_positive_history_top_20pct,gt0,1000
安庆市,安庆,1826,1,78.83638000488281,21,33.0,14,6,15,0.2857142857142857,0.7142857142857143,0.45454545454545453,0.5454545454545454,0.6883587309157845,0.6245188785678972,0.5367302281963113,loo_positive_history_top_20pct,gt0,1000
安庆市,安庆,2402,1,71.37155151367188,21,71.0,14,5,16,0.23809523809523808,0.7619047619047619,0.5633802816901409,0.43661971830985913,0.8327970343852157,0.7341383729080683,0.8410861177840868,loo_positive_history_top_20pct,gt0,1000
安阳市,安阳,1959,1,64.88201904296875,63,139.0,25,13,50,0.20634920634920634,0.7936507936507936,0.3237410071942446,0.6762589928057554,0.6997469290384634,0.7476445935732692,0.7443946188340808,loo_positive_history_top_20pct,gt0,1000
安阳市,安阳,5560,1,32.388946533203125,95,204.0,20,16,79,0.16842105263157894,0.8315789473684211,0.25980392156862747,0.7401960784313726,0.7518197309342664,0.7937636373462327,0.7681551004929844,loo_positive_history_top_20pct,gt0,1000
安顺市,安顺,4574,1,70.3630142211914,1,1.0,2,0,1,0.0,1.0,0.0,1.0,1.0,1.0,1.0,loo_positive_history_top_20pct,gt0,1000
宜宾市,宜宾,1776,1,47.662628173828125,6,18.0,5,0,6,0.0,1.0,0.0,1.0,1.0,1.0,1.0,loo_positive_history_top_20pct,gt0,1000
宜宾市,宜宾,4034,1,56.21794891357422,9,64.0,5,1,8,0.1111111111111111,0.8888888888888888,0.328125,0.671875,0.9145671728591142,0.9329204760832089,0.8352293577981651,loo_positive_history_top_20pct,gt0,1000
宜昌市,宜昌,4047,1,45.46645736694336,8,17.0,14,2,6,0.25,0.75,0.4117647058823529,0.5882352941176471,0.8710128485160227,0.8244362829718093,0.8631225175679804,loo_positive_history_top_20pct,gt0,1000
宜昌市,宜昌,4663,1,80.45974731445312,43,223.0,11,9,34,0.20930232558139536,0.7906976744186046,0.39461883408071746,0.6053811659192825,0.6873619962597226,0.7167136151557063,0.6569170494460956,loo_positive_history_top_20pct,gt0,1000
宜春市,宜春,3870,1,79.95231628417967,4,46.0,4,1,3,0.25,0.75,0.9130434782608695,0.08695652173913043,0.07673838320145858,0.8777000075754045,0.5367892976588629,loo_positive_history_top_20pct,gt0,1000
宝鸡市,宝鸡,1923,1,39.420204162597656,12,26.0,12,4,8,0.3333333333333333,0.6666666666666666,0.46153846153846156,0.5384615384615384,0.58929658433944,0.5516218568993978,0.3292349726775956,loo_positive_history_top_20pct,gt0,1000
宝鸡市,宝鸡,4958,1,39.06228637695312,13,13.0,12,4,9,0.3076923076923077,0.6923076923076923,0.3076923076923077,0.6923076923076923,0.645628183118913,0.5758263080822221,0.47525573679845173,loo_positive_history_top_20pct,gt0,1000
宝鸡市,宝鸡,5907,1,54.84000015258789,1,1.0,13,0,1,0.0,1.0,0.0,1.0,1.0,1.0,1.0,loo_positive_history_top_20pct,gt0,1000
宣城市,宣城,4713,1,60.16388320922851,6,15.0,5,1,5,0.16666666666666666,0.8333333333333334,0.2,0.8,0.4825334842341671,0.8821639030041802,0.6809787626962143,loo_positive_history_top_20pct,gt0,1000
宣城市,宣城,5577,1,61.32528305053711,2,3.0,6,0,2,0.0,1.0,0.0,1.0,1.0,1.0,1.0,loo_positive_history_top_20pct,gt0,1000
岳阳市,岳阳,3718,1,58.81430435180664,7,11.0,7,4,3,0.5714285714285714,0.42857142857142855,0.45454545454545453,0.5454545454545454,0.10045165059484519,0.22988394973847914,0.27153846153846156,loo_positive_history_top_20pct,gt0,1000
岳阳市,岳阳,4730,1,103.49646759033205,24,68.0,5,4,20,0.16666666666666666,0.8333333333333334,0.29411764705882354,0.7058823529411765,0.7285302002685524,0.8580060382866064,0.8314880155736708,loo_positive_history_top_20pct,gt0,1000
崇左市,崇左,3729,1,72.94775390625,4,10.0,1,0,4,0.0,1.0,0.0,1.0,1.0,1.0,1.0,loo_positive_history_top_20pct,gt0,1000
巴中市,巴中,3834,1,64.32393646240234,4,10.0,3,0,4,0.0,1.0,0.0,1.0,1.0,1.0,1.0,loo_positive_history_top_20pct,gt0,1000
常州市,常州,1317,1,51.91365432739258,17,22.0,8,0,17,0.0,1.0,0.0,1.0,1.0,1.0,1.0,loo_positive_history_top_20pct,gt0,1000
常州市,常州,5581,1,65.37018585205078,8,11.0,9,1,7,0.125,0.875,0.09090909090909091,0.9090909090909091,0.8180506360582106,0.7665522668456687,0.8807239424334933,loo_positive_history_top_20pct,gt0,1000
平顶山市,平顶山,4829,1,53.93280029296874,5,6.0,4,0,5,0.0,1.0,0.0,1.0,1.0,1.0,1.0,loo_positive_history_top_20pct,gt0,1000
平顶山市,平顶山,5869,1,46.99604034423828,6,12.0,4,0,6,0.0,1.0,0.0,1.0,1.0,1.0,1.0,loo_positive_history_top_20pct,gt0,1000
广元市,广元,1325,1,54.42211532592773,1,1.0,3,0,1,0.0,1.0,0.0,1.0,1.0,1.0,1.0,loo_positive_history_top_20pct,gt0,1000
广元市,广元,4613,1,52.97238540649414,4,11.0,2,1,3,0.25,0.75,0.09090909090909091,0.9090909090909091,0.49147120331161875,0.5488952027873454,0.2099236641221374,loo_positive_history_top_20pct,gt0,1000
广安市,广安,1081,1,93.12347412109376,3,5.0,2,0,3,0.0,1.0,0.0,1.0,1.0,1.0,1.0,loo_positive_history_top_20pct,gt0,1000
广安市,广安,4630,1,66.80392456054688,3,13.0,2,0,3,0.0,1.0,0.0,1.0,1.0,1.0,1.0,loo_positive_history_top_20pct,gt0,1000
广州市,广州,2237,1,67.68899536132812,41,44.0,85,11,30,0.2682926829268293,0.7317073170731707,0.29545454545454547,0.7045454545454546,0.6726594901731379,0.6566668556353793,0.7424783531552172,loo_positive_history_top_20pct,gt0,1000
广州市,广州,3028,1,63.57754135131836,177,473.0,74,36,141,0.2033898305084746,0.7966101694915254,0.35517970401691334,0.6448202959830867,0.705874901918751,0.770030107871781,0.7500501682386048,loo_positive_history_top_20pct,gt0,1000
广州市,广州,4503,1,60.255516052246094,8,8.0,88,4,4,0.5,0.5,0.5,0.5,0.5611044067528237,0.5620820162502436,0.5631026958541564,loo_positive_history_top_20pct,gt0,1000
广州市,广州,4520,1,90.1312484741211,100,347.0,79,16,84,0.16,0.84,0.276657060518732,0.723342939481268,0.7640014872806585,0.7221742400981566,0.7856078644332122,loo_positive_history_top_20pct,gt0,1000
广州市,广州,4563,1,53.39820861816406,12,18.0,87,1,11,0.08333333333333333,0.9166666666666666,0.16666666666666666,0.8333333333333334,0.9157721811050243,0.7618182441758901,0.9716013673415724,loo_positive_history_top_20pct,gt0,1000
广州市,广州,5289,1,56.735939025878906,24,27.0,87,10,14,0.4166666666666667,0.5833333333333334,0.48148148148148145,0.5185185185185185,0.6248762815825658,0.49103820289489386,0.6008788689338938,loo_positive_history_top_20pct,gt0,1000
庆阳市,庆阳,5899,1,50.959999084472656,3,3.0,1,1,2,0.3333333333333333,0.6666666666666666,0.3333333333333333,0.6666666666666666,0.22061608602107383,0.6893239549715751,0.18398474737845566,loo_positive_history_top_20pct,gt0,1000
廊坊市,廊坊,3313,1,67.6113510131836,39,148.0,12,8,31,0.20512820512820512,0.7948717948717948,0.2702702702702703,0.7297297297297297,0.7404470453390539,0.7745408388384899,0.637846439464262,loo_positive_history_top_20pct,gt0,1000
廊坊市,廊坊,3371,1,70.259033203125,9,12.0,15,2,7,0.2222222222222222,0.7777777777777778,0.16666666666666666,0.8333333333333334,0.5721247336364705,0.7653227202545911,0.6322944990587743,loo_positive_history_top_20pct,gt0,1000
延安市,延安,5908,1,55.77000045776368,4,4.0,1,0,4,0.0,1.0,0.0,1.0,1.0,1.0,1.0,loo_positive_history_top_20pct,gt0,1000
开封市,开封,4830,1,86.25491333007812,1,1.0,20,0,1,0.0,1.0,0.0,1.0,1.0,1.0,1.0,loo_positive_history_top_20pct,gt0,1000
开封市,开封,4896,1,79.61328887939455,33,180.0,19,11,22,0.3333333333333333,0.6666666666666666,0.4111111111111111,0.5888888888888889,0.3831636189227062,0.7180261269568255,0.5411579774692167,loo_positive_history_top_20pct,gt0,1000
张家界市,张家界,4722,1,63.89422225952149,5,8.0,0,0,5,0.0,1.0,0.0,1.0,1.0,1.0,1.0,loo_positive_history_top_20pct,gt0,1000
徐州市,徐州,4058,1,54.0761833190918,15,22.0,19,4,11,0.26666666666666666,0.7333333333333333,0.3181818181818182,0.6818181818181818,0.6127179489599919,0.83776969681999,0.8963845569768121,loo_positive_history_top_20pct,gt0,1000
徐州市,徐州,4582,1,45.66728210449219,12,14.0,19,1,11,0.08333333333333333,0.9166666666666666,0.07142857142857142,0.9285714285714286,0.9921791884964682,0.8610984448223183,0.8933618335114595,loo_positive_history_top_20pct,gt0,1000
德州市,德州,2117,1,62.88340377807618,12,17.0,11,3,9,0.25,0.75,0.29411764705882354,0.7058823529411765,0.8443705918457044,0.7307224319289068,0.8243086218917035,loo_positive_history_top_20pct,gt0,1000
德州市,德州,6260,1,47.09999847412109,5,11.0,11,1,4,0.2,0.8,0.36363636363636365,0.6363636363636364,0.7669670680452658,0.89347889351966,0.716221602231965,loo_positive_history_top_20pct,gt0,1000
德阳市,德阳,3203,1,59.97141647338867,64,235.0,17,12,52,0.1875,0.8125,0.4340425531914894,0.5659574468085107,0.8546427206827616,0.777059124569704,0.7719009832126711,loo_positive_history_top_20pct,gt0,1000
德阳市,德阳,4084,1,52.99706268310546,9,33.0,23,7,2,0.7777777777777778,0.2222222222222222,0.8484848484848485,0.15151515151515152,0.262305069982541,0.0,0.12961029923451636,loo_positive_history_top_20pct,gt0,1000
德阳市,德阳,4921,1,61.682899475097656,21,35.0,20,4,17,0.19047619047619047,0.8095238095238095,0.2,0.8,0.8000347141914481,0.7022061495937288,0.8877614931729926,loo_positive_history_top_20pct,gt0,1000
怀化市,怀化,2390,1,42.2108154296875,18,20.0,5,0,18,0.0,1.0,0.0,1.0,1.0,1.0,1.0,loo_positive_history_top_20pct,gt0,1000
怀化市,怀化,4645,1,62.18960571289063,4,7.0,7,1,3,0.25,0.75,0.14285714285714285,0.8571428571428571,0.9134879285153787,0.5410833983131504,0.6410066617320503,loo_positive_history_top_20pct,gt0,1000
恩施土家族苗族自治州,恩施土家族苗族,4800,1,51.69566345214844,14,214.0,0,0,14,0.0,1.0,0.0,1.0,1.0,1.0,1.0,loo_positive_history_top_20pct,gt0,1000
惠州市,惠州,753,1,102.26459503173828,24,94.0,24,6,18,0.25,0.75,0.24468085106382978,0.7553191489361702,0.761516519035047,0.772119984060571,0.6655868742111906,loo_positive_history_top_20pct,gt0,1000
惠州市,惠州,3522,1,75.00750732421875,31,54.0,22,4,27,0.12903225806451613,0.8709677419354839,0.16666666666666666,0.8333333333333334,0.8051291218466001,0.8179695755752364,0.7503725198023684,loo_positive_history_top_20pct,gt0,1000
惠州市,惠州,6018,1,68.36000061035156,36,62.0,22,6,30,0.16666666666666666,0.8333333333333334,0.24193548387096775,0.7580645161290323,0.6418955990819943,0.6752738232869968,0.5794161045531198,loo_positive_history_top_20pct,gt0,1000
成都市,成都,1891,1,58.17287826538086,6,10.0,116,0,6,0.0,1.0,0.0,1.0,1.0,1.0,1.0,loo_positive_history_top_20pct,gt0,1000
成都市,成都,3215,1,59.22441101074219,237,793.0,93,44,193,0.18565400843881857,0.8143459915611815,0.4098360655737705,0.5901639344262295,0.7912022446115419,0.7645313942345313,0.8068745180125592,loo_positive_history_top_20pct,gt0,1000
成都市,成都,4036,1,62.19907379150391,66,161.0,113,26,40,0.3939393939393939,0.6060606060606061,0.5527950310559007,0.4472049689440994,0.6118293445856685,0.5476185433519548,0.5871035542022581,loo_positive_history_top_20pct,gt0,1000
成都市,成都,4922,1,62.34090423583984,157,652.0,103,39,118,0.2484076433121019,0.7515923566878981,0.3803680981595092,0.6196319018404908,0.7194379691287625,0.7185582503717999,0.720316899419932,loo_positive_history_top_20pct,gt0,1000
成都市,成都,4968,1,67.71067810058594,199,1197.0,102,53,146,0.2663316582914573,0.7336683417085427,0.5580618212197159,0.441938178780284,0.6635120674199949,0.6655954819186938,0.6865025177093113,loo_positive_history_top_20pct,gt0,1000
扬州市,扬州,4677,1,50.65367889404297,9,19.0,14,2,7,0.2222222222222222,0.7777777777777778,0.15789473684210525,0.8421052631578947,0.5802853201192272,0.6592615037305564,0.5791080210276411,loo_positive_history_top_20pct,gt0,1000
扬州市,扬州,5623,1,56.54750061035156,8,16.0,14,2,6,0.25,0.75,0.125,0.875,0.5165356095701552,0.9164079355424903,0.5595699682763483,loo_positive_history_top_20pct,gt0,1000
抚州市,抚州,3949,1,53.88334274291992,8,15.0,4,2,6,0.25,0.75,0.26666666666666666,0.7333333333333333,0.3844283567980785,0.6531250550972116,0.4005028040997873,loo_positive_history_top_20pct,gt0,1000
揭阳市,揭阳,3523,1,75.28914642333984,16,16.0,2,1,15,0.0625,0.9375,0.0625,0.9375,0.9181574074030343,0.9872391373247096,0.9870883676853827,loo_positive_history_top_20pct,gt0,1000
新乡市,新乡,1872,1,59.55221939086914,63,243.0,47,22,41,0.3492063492063492,0.6507936507936508,0.6008230452674898,0.3991769547325103,0.5187804543902792,0.5735425341631293,0.4840232721069786,loo_positive_history_top_20pct,gt0,1000
新乡市,新乡,4865,1,97.36841583251952,25,56.0,49,11,14,0.44,0.56,0.625,0.375,0.6076113112249607,0.5632354211899951,0.5299357085454058,loo_positive_history_top_20pct,gt0,1000
新乡市,新乡,5561,1,73.9804916381836,216,2220.0,20,17,199,0.0787037037037037,0.9212962962962963,0.28378378378378377,0.7162162162162162,0.9034031739886398,0.8750184785673338,0.7970114439827976,loo_positive_history_top_20pct,gt0,1000
无锡市,无锡,1262,1,62.93757247924805,14,14.0,30,2,12,0.14285714285714285,0.8571428571428571,0.14285714285714285,0.8571428571428571,0.8951064343956017,0.7797251026151181,0.5860373647984267,loo_positive_history_top_20pct,gt0,1000
无锡市,无锡,2791,1,46.27647399902344,9,11.0,32,3,6,0.3333333333333333,0.6666666666666666,0.2727272727272727,0.7272727272727273,0.8169397618701332,0.5852396917568518,0.7314285714285714,loo_positive_history_top_20pct,gt0,1000
无锡市,无锡,4783,1,74.61311340332033,32,91.0,29,3,29,0.09375,0.90625,0.10989010989010989,0.8901098901098901,0.7513804082586192,0.8201856314324767,0.7366963585175613,loo_positive_history_top_20pct,gt0,1000
昆明市,昆明,859,1,33.224544525146484,23,49.0,60,13,10,0.5652173913043478,0.43478260869565216,0.673469387755102,0.32653061224489793,0.21014657583965823,0.371568300765089,0.18572106261859583,loo_positive_history_top_20pct,gt0,1000
昆明市,昆明,2516,1,33.24805450439453,118,960.0,55,30,88,0.2542372881355932,0.7457627118644068,0.5760416666666667,0.4239583333333333,0.7105210336758073,0.7101242344142306,0.7079562713580559,loo_positive_history_top_20pct,gt0,1000
昆明市,昆明,3347,1,33.00440979003906,2,2.0,60,0,2,0.0,1.0,0.0,1.0,1.0,1.0,1.0,loo_positive_history_top_20pct,gt0,1000
昆明市,昆明,4022,1,35.003108978271484,87,531.0,59,37,50,0.42528735632183906,0.5747126436781609,0.6195856873822976,0.3804143126177024,0.48069615043323327,0.5492889319441536,0.5652017995696681,loo_positive_history_top_20pct,gt0,1000
昆明市,昆明,4686,1,53.49245834350586,70,416.0,59,26,44,0.37142857142857144,0.6285714285714286,0.47836538461538464,0.5216346153846154,0.46518112674156364,0.5146854187771193,0.48339941285070065,loo_positive_history_top_20pct,gt0,1000
昆明市,昆明,5408,1,30.53134727478028,75,536.0,58,31,44,0.41333333333333333,0.5866666666666667,0.4197761194029851,0.5802238805970149,0.6134128835477234,0.5167787232023694,0.5161327057394474,loo_positive_history_top_20pct,gt0,1000
昆明市,昆明,7141,1,32.70812225341797,66,435.0,59,30,36,0.45454545454545453,0.5454545454545454,0.5333333333333333,0.4666666666666667,0.4433407514887065,0.459918122032125,0.4444139445511941,loo_positive_history_top_20pct,gt0,1000
晋城市,晋城,5470,1,75.00631713867188,13,24.0,3,1,12,0.07692307692307693,0.9230769230769231,0.08333333333333333,0.9166666666666666,0.9474556144005404,0.841921224304977,0.9395639628085924,loo_positive_history_top_20pct,gt0,1000
景德镇市,景德镇,1724,1,62.14520263671874,39,99.0,14,11,28,0.28205128205128205,0.717948717948718,0.46464646464646464,0.5353535353535354,0.40204015962012557,0.6926221318755384,0.6496902959394356,loo_positive_history_top_20pct,gt0,1000
景德镇市,景德镇,3995,1,71.86345672607422,10,27.0,15,7,3,0.7,0.3,0.8148148148148148,0.18518518518518517,0.08887710641509569,0.2392728915242806,0.1529827478694658,loo_positive_history_top_20pct,gt0,1000
景德镇市,景德镇,4725,1,63.23520278930664,30,214.0,14,10,20,0.3333333333333333,0.6666666666666666,0.5046728971962616,0.4953271028037383,0.4986102665264798,0.6483291007965704,0.5124800111242439,loo_positive_history_top_20pct,gt0,1000
杭州市,杭州,456,1,62.43359375,21,55.0,70,6,15,0.2857142857142857,0.7142857142857143,0.38181818181818183,0.6181818181818182,0.7502494736375535,0.6528044808499581,0.6619951388529761,loo_positive_history_top_20pct,gt0,1000
杭州市,杭州,1648,1,51.86557388305664,8,10.0,70,2,6,0.25,0.75,0.3,0.7,0.8489070361939625,0.7933118572389857,0.8797629127857748,loo_positive_history_top_20pct,gt0,1000
杭州市,杭州,3853,1,51.6814079284668,5,5.0,70,1,4,0.2,0.8,0.2,0.8,0.7193788003789976,0.7278604590608934,0.7690217391304348,loo_positive_history_top_20pct,gt0,1000
杭州市,杭州,4720,1,59.13249206542969,20,47.0,68,3,17,0.15,0.85,0.10638297872340426,0.8936170212765957,0.8822252478500472,0.9016510674677707,0.8948509485094851,loo_positive_history_top_20pct,gt0,1000
杭州市,杭州,5640,1,56.38813018798828,61,180.0,66,7,54,0.11475409836065574,0.8852459016393442,0.24444444444444444,0.7555555555555555,0.8911329870123692,0.8426206391614184,0.7554228169930887,loo_positive_history_top_20pct,gt0,1000
杭州市,杭州,5700,1,78.30429077148438,28,57.0,69,10,18,0.35714285714285715,0.6428571428571429,0.5614035087719298,0.43859649122807015,0.4943438111861575,0.5427678434086679,0.37919308561510395,loo_positive_history_top_20pct,gt0,1000
杭州市,杭州,5788,1,154.96066284179688,30,31.0,68,7,23,0.23333333333333334,0.7666666666666667,0.25806451612903225,0.7419354838709677,0.6579864332756096,0.731735029218185,0.47008653427130676,loo_positive_history_top_20pct,gt0,1000
枣庄市,枣庄,2446,1,49.867305755615234,4,14.0,16,2,2,0.5,0.5,0.6428571428571429,0.35714285714285715,0.42176848634204456,0.0,0.704944830404577,loo_positive_history_top_20pct,gt0,1000
枣庄市,枣庄,4185,1,45.895355224609375,13,18.0,16,6,7,0.46153846153846156,0.5384615384615384,0.6111111111111112,0.3888888888888889,0.4122956209222634,0.4222721287889213,0.721436343852013,loo_positive_history_top_20pct,gt0,1000
柳州市,柳州,429,1,91.804931640625,1,6.0,13,1,0,1.0,0.0,1.0,0.0,0.0,0.0,0.0,loo_positive_history_top_20pct,gt0,1000
柳州市,柳州,1698,1,77.93883514404298,37,130.0,8,3,34,0.08108108108108109,0.918918918918919,0.08461538461538462,0.9153846153846154,0.8842858290585655,0.9477149557101676,0.8336267868333881,loo_positive_history_top_20pct,gt0,1000
柳州市,柳州,2414,1,76.85887145996094,5,27.0,13,3,2,0.6,0.4,0.4444444444444444,0.5555555555555556,0.6178659777440546,0.5207155415809838,0.20413990007137758,loo_positive_history_top_20pct,gt0,1000
株洲市,株洲,1713,1,83.63831329345705,35,116.0,14,7,28,0.2,0.8,0.29310344827586204,0.7068965517241379,0.7497100414686444,0.7946813252925136,0.7138101578847251,loo_positive_history_top_20pct,gt0,1000
株洲市,株洲,4744,1,42.85618209838867,8,20.0,16,1,7,0.125,0.875,0.05,0.95,0.9410863869264463,0.8427851361443031,0.4802981895633653,loo_positive_history_top_20pct,gt0,1000
株洲市,株洲,5207,1,85.81729888916016,15,27.0,17,5,10,0.3333333333333333,0.6666666666666666,0.4074074074074074,0.5925925925925926,0.7025451065968302,0.6818042890989984,0.48480157613284547,loo_positive_history_top_20pct,gt0,1000
桂林市,桂林,1169,1,71.01178741455078,12,32.0,21,3,9,0.25,0.75,0.34375,0.65625,0.5371906779390966,0.5897540374490694,0.5112359550561798,loo_positive_history_top_20pct,gt0,1000
桂林市,桂林,2415,1,70.5465087890625,22,59.0,21,9,13,0.4090909090909091,0.5909090909090909,0.5423728813559322,0.4576271186440678,0.39024022185623763,0.5250649865899887,0.4097192642787996,loo_positive_history_top_20pct,gt0,1000
桂林市,桂林,3991,1,63.553421020507805,49,196.0,19,11,38,0.22448979591836735,0.7755102040816326,0.3826530612244898,0.6173469387755102,0.6557982452643517,0.7726716074542898,0.6887054205860459,loo_positive_history_top_20pct,gt0,1000
梅州市,梅州,1533,1,68.54344177246094,3,13.0,1,0,3,0.0,1.0,0.0,1.0,1.0,1.0,1.0,loo_positive_history_top_20pct,gt0,1000
梅州市,梅州,7273,1,61.2599983215332,3,25.0,1,0,3,0.0,1.0,0.0,1.0,1.0,1.0,1.0,loo_positive_history_top_20pct,gt0,1000
梧州市,梧州,4559,1,62.07012939453125,4,9.0,0,0,4,0.0,1.0,0.0,1.0,1.0,1.0,1.0,loo_positive_history_top_20pct,gt0,1000
榆林市,榆林,2093,1,42.80252075195312,12,21.0,10,0,12,0.0,1.0,0.0,1.0,1.0,1.0,1.0,loo_positive_history_top_20pct,gt0,1000
榆林市,榆林,2537,1,53.579872131347656,15,17.0,10,1,14,0.06666666666666667,0.9333333333333333,0.058823529411764705,0.9411764705882353,0.9699930394048822,0.8516690834283206,0.943328662618714,loo_positive_history_top_20pct,gt0,1000
武汉市,武汉,582,1,52.52428817749024,1,55.0,83,0,1,0.0,1.0,0.0,1.0,1.0,1.0,1.0,loo_positive_history_top_20pct,gt0,1000
武汉市,武汉,2959,1,46.103553771972656,22,43.0,82,12,10,0.5454545454545454,0.45454545454545453,0.46511627906976744,0.5348837209302325,0.4691678276323329,0.4199103983784365,0.29833211589968345,loo_positive_history_top_20pct,gt0,1000
武汉市,武汉,3856,1,72.84764862060547,103,312.0,75,24,79,0.23300970873786409,0.7669902912621359,0.3685897435897436,0.6314102564102564,0.7380701568770167,0.7370255183484944,0.7217844537470245,loo_positive_history_top_20pct,gt0,1000
武汉市,武汉,4706,1,80.79363250732422,102,184.0,76,29,73,0.28431372549019607,0.7156862745098039,0.3695652173913043,0.6304347826086957,0.6167301523461282,0.6470839994889462,0.6104497268258335,loo_positive_history_top_20pct,gt0,1000
武汉市,武汉,5226,1,67.62519073486328,52,94.0,81,20,32,0.38461538461538464,0.6153846153846154,0.5638297872340425,0.43617021276595747,0.458346561406289,0.5121113107101143,0.3957797640912616,loo_positive_history_top_20pct,gt0,1000
永州市,永州,2407,1,51.28487777709961,11,16.0,1,0,11,0.0,1.0,0.0,1.0,1.0,1.0,1.0,loo_positive_history_top_20pct,gt0,1000
汕头市,汕头,643,1,35.32001495361328,21,56.0,26,4,17,0.19047619047619047,0.8095238095238095,0.32142857142857145,0.6785714285714286,0.8409610118177531,0.7773705789642607,0.8613111311131113,loo_positive_history_top_20pct,gt0,1000
汕头市,汕头,801,1,40.077674865722656,15,28.0,27,4,11,0.26666666666666666,0.7333333333333333,0.25,0.75,0.7995631392208183,0.609422391061304,0.6019014040168734,loo_positive_history_top_20pct,gt0,1000
汕头市,汕头,3529,1,55.36534881591797,94,668.0,15,7,87,0.07446808510638298,0.925531914893617,0.10778443113772455,0.8922155688622755,0.9281042361229701,0.8995337445653003,0.772198162036548,loo_positive_history_top_20pct,gt0,1000
江门市,江门,3030,1,84.11186981201172,16,26.0,9,0,16,0.0,1.0,0.0,1.0,1.0,1.0,1.0,loo_positive_history_top_20pct,gt0,1000
江门市,江门,4118,1,63.13999938964844,13,18.0,10,4,9,0.3076923076923077,0.6923076923076923,0.2222222222222222,0.7777777777777778,0.7896211416668103,0.8353909975280392,0.6364868790549046,loo_positive_history_top_20pct,gt0,1000
池州市,池州,1828,1,57.513893127441406,11,22.0,3,0,11,0.0,1.0,0.0,1.0,1.0,1.0,1.0,loo_positive_history_top_20pct,gt0,1000
池州市,池州,4714,1,63.695594787597656,8,10.0,4,1,7,0.125,0.875,0.2,0.8,0.6130571485951676,0.7706971393796681,0.826530612244898,loo_positive_history_top_20pct,gt0,1000
池州市,池州,5430,1,66.32328033447266,6,14.0,4,0,6,0.0,1.0,0.0,1.0,1.0,1.0,1.0,loo_positive_history_top_20pct,gt0,1000
沧州市,沧州,4098,1,76.54642486572266,8,25.0,7,2,6,0.25,0.75,0.28,0.72,0.8038157518852015,0.7093486625719394,0.989883507050889,loo_positive_history_top_20pct,gt0,1000
沧州市,沧州,4939,1,105.33614349365234,1,80.0,7,1,0,1.0,0.0,1.0,0.0,0.0,0.0,0.0,loo_positive_history_top_20pct,gt0,1000
河源市,河源,1195,1,54.46828079223633,13,18.0,4,2,11,0.15384615384615385,0.8461538461538461,0.1111111111111111,0.8888888888888888,0.9509210715048777,0.6906971928102257,0.8715747771541763,loo_positive_history_top_20pct,gt0,1000
泉州市,泉州,2139,1,74.47318267822266,26,42.0,34,5,21,0.19230769230769232,0.8076923076923077,0.19047619047619047,0.8095238095238095,0.7187966873727243,0.7456934917080881,0.6108424848385511,loo_positive_history_top_20pct,gt0,1000
泉州市,泉州,2308,1,59.43254089355469,5,14.0,35,0,5,0.0,1.0,0.0,1.0,1.0,1.0,1.0,loo_positive_history_top_20pct,gt0,1000
泉州市,泉州,4048,1,48.959449768066406,6,11.0,35,0,6,0.0,1.0,0.0,1.0,1.0,1.0,1.0,loo_positive_history_top_20pct,gt0,1000
泉州市,泉州,7094,1,53.86000061035156,29,56.0,32,3,26,0.10344827586206896,0.896551724137931,0.125,0.875,0.7278621166758645,0.8519380725940081,0.6228710462287105,loo_positive_history_top_20pct,gt0,1000
泰安市,泰安,2103,1,33.86453628540039,9,11.0,9,1,8,0.1111111111111111,0.8888888888888888,0.09090909090909091,0.9090909090909091,0.9950731395519374,0.9028838044963611,0.9681181959564541,loo_positive_history_top_20pct,gt0,1000
泰安市,泰安,3470,1,37.50313186645508,13,19.0,8,1,12,0.07692307692307693,0.9230769230769231,0.05263157894736842,0.9473684210526315,0.9897184164257148,0.886101772339184,0.9733304423243712,loo_positive_history_top_20pct,gt0,1000
泸州市,泸州,1720,1,61.2435302734375,3,9.0,2,1,2,0.3333333333333333,0.6666666666666666,0.5555555555555556,0.4444444444444444,0.6158569341806089,0.6725540233606401,0.6987882285054818,loo_positive_history_top_20pct,gt0,1000
洛阳市,洛阳,5799,1,41.60643005371094,26,44.0,26,3,23,0.11538461538461539,0.8846153846153846,0.2727272727272727,0.7272727272727273,0.892288384801532,0.8710815313028099,0.6992202479867059,loo_positive_history_top_20pct,gt0,1000
洛阳市,洛阳,6477,1,48.2599983215332,4,9.0,29,2,2,0.5,0.5,0.2222222222222222,0.7777777777777778,0.26256715539381414,0.0,0.04017857142857143,loo_positive_history_top_20pct,gt0,1000
洛阳市,洛阳,6506,1,67.44999694824219,62,342.0,22,13,49,0.20967741935483872,0.7903225806451613,0.24853801169590642,0.7514619883040936,0.7530114452952525,0.8074652263613257,0.7898013701581283,loo_positive_history_top_20pct,gt0,1000
济南市,济南,1449,1,63.89736938476562,8,15.0,56,6,2,0.75,0.25,0.7333333333333333,0.26666666666666666,0.20644510186371512,0.15689031673997358,0.038582762743180087,loo_positive_history_top_20pct,gt0,1000
济南市,济南,1932,1,55.64968490600586,21,45.0,55,9,12,0.42857142857142855,0.5714285714285714,0.5333333333333333,0.4666666666666667,0.6560509270697238,0.5366251797473555,0.511485826001955,loo_positive_history_top_20pct,gt0,1000
济南市,济南,2038,1,44.483829498291016,19,35.0,55,5,14,0.2631578947368421,0.7368421052631579,0.2857142857142857,0.7142857142857143,0.686352655008833,0.5951810506630784,0.6574589251816456,loo_positive_history_top_20pct,gt0,1000
济南市,济南,2099,1,68.5019760131836,18,34.0,56,7,11,0.3888888888888889,0.6111111111111112,0.47058823529411764,0.5294117647058824,0.6195781507325038,0.5427007696001381,0.5994653338757483,loo_positive_history_top_20pct,gt0,1000
济南市,济南,2112,1,102.05913543701172,15,45.0,55,6,9,0.4,0.6,0.4,0.6,0.7679640711216632,0.5096195300710377,0.707983193277311,loo_positive_history_top_20pct,gt0,1000
济南市,济南,4948,1,90.30361938476562,23,54.0,55,3,20,0.13043478260869565,0.8695652173913043,0.2222222222222222,0.7777777777777778,0.895643498473347,0.7677873405907477,0.8494025974025974,loo_positive_history_top_20pct,gt0,1000
济南市,济南,6659,1,49.8120346069336,11,33.0,56,6,5,0.5454545454545454,0.45454545454545453,0.7272727272727273,0.2727272727272727,0.737879956145486,0.724713399103892,0.7815568022440392,loo_positive_history_top_20pct,gt0,1000
济宁市,济宁,4200,1,52.53754806518555,5,10.0,20,1,4,0.2,0.8,0.2,0.8,0.8904598809264327,0.773281528139504,0.44903846153846155,loo_positive_history_top_20pct,gt0,1000
济宁市,济宁,4821,1,54.00381851196289,19,67.0,19,6,13,0.3157894736842105,0.6842105263157895,0.34328358208955223,0.6567164179104478,0.6874143329051408,0.6113084241659859,0.5055243264198488,loo_positive_history_top_20pct,gt0,1000
济宁市,济宁,4891,1,67.75483703613281,33,57.0,18,9,24,0.2727272727272727,0.7272727272727273,0.42105263157894735,0.5789473684210527,0.7902843456184235,0.7322359914960778,0.6348299681190224,loo_positive_history_top_20pct,gt0,1000
海口市,海口,929,1,62.6631088256836,28,71.0,28,12,16,0.42857142857142855,0.5714285714285714,0.6197183098591549,0.38028169014084506,0.5239833177295107,0.518798621471482,0.43751425685143547,loo_positive_history_top_20pct,gt0,1000
海口市,海口,1097,1,61.15581893920898,34,246.0,29,13,21,0.38235294117647056,0.6176470588235294,0.5772357723577236,0.42276422764227645,0.6251889834614301,0.6013790598776846,0.4688152855153203,loo_positive_history_top_20pct,gt0,1000
海口市,海口,1562,1,57.42656707763672,29,84.0,29,14,15,0.4827586206896552,0.5172413793103449,0.6547619047619048,0.34523809523809523,0.48364186585325086,0.49723409569735716,0.33420434386536896,loo_positive_history_top_20pct,gt0,1000
海口市,海口,2109,1,109.76377868652344,32,142.0,28,16,16,0.5,0.5,0.6690140845070423,0.33098591549295775,0.5601157450511832,0.44237320274411995,0.4605544927618993,loo_positive_history_top_20pct,gt0,1000
海口市,海口,3015,1,89.48167419433594,34,92.0,28,14,20,0.4117647058823529,0.5882352941176471,0.5434782608695652,0.45652173913043476,0.6793383648932894,0.5375991871825324,0.4362505553087517,loo_positive_history_top_20pct,gt0,1000
海口市,海口,3633,1,60.26634979248047,24,75.0,29,15,9,0.625,0.375,0.7733333333333333,0.22666666666666666,0.38842873539414985,0.29376864852522866,0.24291373644934436,loo_positive_history_top_20pct,gt0,1000
海口市,海口,4126,1,69.33087921142578,38,309.0,29,17,21,0.4473684210526316,0.5526315789473685,0.7961165048543689,0.20388349514563106,0.6091971499067141,0.5501561184743476,0.43313196915068886,loo_positive_history_top_20pct,gt0,1000
淮北市,淮北,4057,1,52.91334915161133,11,29.0,12,5,6,0.45454545454545453,0.5454545454545454,0.5172413793103449,0.4827586206896552,0.29161185304799614,0.35848784511044113,0.31494454173963804,loo_positive_history_top_20pct,gt0,1000
淮北市,淮北,6461,1,61.999996185302734,16,21.0,11,6,10,0.375,0.625,0.38095238095238093,0.6190476190476191,0.4743723546989706,0.5271036257421554,0.31762204305838576,loo_positive_history_top_20pct,gt0,1000
淮南市,淮南,5514,1,65.128662109375,9,11.0,5,0,9,0.0,1.0,0.0,1.0,1.0,1.0,1.0,loo_positive_history_top_20pct,gt0,1000
深圳市,深圳,664,1,38.64568328857422,35,83.0,75,9,26,0.2571428571428571,0.7428571428571429,0.20481927710843373,0.7951807228915663,0.8059368617569831,0.6593809131023873,0.6533553326974142,loo_positive_history_top_20pct,gt0,1000
深圳市,深圳,751,1,71.55662536621094,53,194.0,73,12,41,0.22641509433962265,0.7735849056603774,0.6237113402061856,0.37628865979381443,0.7219468666825016,0.697177405963569,0.6931057506291624,loo_positive_history_top_20pct,gt0,1000
深圳市,深圳,759,1,54.368873596191406,18,29.0,76,3,15,0.16666666666666666,0.8333333333333334,0.2413793103448276,0.7586206896551724,0.8995111824167735,0.7816566723245103,0.8063233623627414,loo_positive_history_top_20pct,gt0,1000
深圳市,深圳,1196,1,66.32386779785156,28,58.0,76,9,19,0.32142857142857145,0.6785714285714286,0.46551724137931033,0.5344827586206896,0.6958034275622664,0.5681512640651297,0.6018767849857201,loo_positive_history_top_20pct,gt0,1000
深圳市,深圳,1210,1,92.63880920410156,24,32.0,76,7,17,0.2916666666666667,0.7083333333333334,0.28125,0.71875,0.6673482109749928,0.6788316950085552,0.6347049141782272,loo_positive_history_top_20pct,gt0,1000
深圳市,深圳,5369,1,46.28153610229492,7,8.0,76,2,5,0.2857142857142857,0.7142857142857143,0.375,0.625,0.894606472388345,0.984317779701782,0.9042012927054478,loo_positive_history_top_20pct,gt0,1000
深圳市,深圳,5930,1,57.607791900634766,5,7.0,77,1,4,0.2,0.8,0.14285714285714285,0.8571428571428571,0.765360645269766,0.5329940796895266,0.4563192904656319,loo_positive_history_top_20pct,gt0,1000
清远市,清远,772,1,72.8165054321289,4,4.0,5,1,3,0.25,0.75,0.25,0.75,0.7697665863664015,1.0,0.5494235957812117,loo_positive_history_top_20pct,gt0,1000
清远市,清远,3031,1,51.67963790893555,12,20.0,3,1,11,0.08333333333333333,0.9166666666666666,0.2,0.8,0.9014274828583083,1.0,0.5674593830939487,loo_positive_history_top_20pct,gt0,1000
清远市,清远,4557,1,70.97570037841797,9,15.0,4,1,8,0.1111111111111111,0.8888888888888888,0.2,0.8,0.7192101358670172,1.0,0.34298998569384836,loo_positive_history_top_20pct,gt0,1000
温州市,温州,684,1,60.51462936401368,11,15.0,32,2,9,0.18181818181818182,0.8181818181818182,0.2,0.8,0.9887808740354702,0.884731890996813,0.9008784581093484,loo_positive_history_top_20pct,gt0,1000
温州市,温州,846,1,58.894561767578125,2,3.0,33,0,2,0.0,1.0,0.0,1.0,1.0,1.0,1.0,loo_positive_history_top_20pct,gt0,1000
温州市,温州,4216,1,120.0,19,39.0,31,4,15,0.21052631578947367,0.7894736842105263,0.15384615384615385,0.8461538461538461,0.6419593831408655,0.7597781901392585,0.7720998531571219,loo_positive_history_top_20pct,gt0,1000
温州市,温州,5713,1,65.54927062988281,31,56.0,29,4,27,0.12903225806451613,0.8709677419354839,0.39285714285714285,0.6071428571428571,0.794418887258735,0.8477474945079279,0.856090030873419,loo_positive_history_top_20pct,gt0,1000
渭南市,渭南,6971,1,30.15432548522949,8,30.0,9,3,5,0.375,0.625,0.6,0.4,0.433383181129299,0.7615673138023108,0.4457858769931663,loo_positive_history_top_20pct,gt0,1000
渭南市,渭南,7096,1,19.89999961853028,11,12.0,9,5,6,0.45454545454545453,0.5454545454545454,0.5,0.5,0.42878544027164855,0.6750764178700119,0.4271047227926078,loo_positive_history_top_20pct,gt0,1000
湖州市,湖州,1728,1,30.53681755065918,4,4.0,8,0,4,0.0,1.0,0.0,1.0,1.0,1.0,1.0,loo_positive_history_top_20pct,gt0,1000
湖州市,湖州,5585,1,59.614501953125,6,7.0,7,0,6,0.0,1.0,0.0,1.0,1.0,1.0,1.0,loo_positive_history_top_20pct,gt0,1000
湛江市,湛江,3013,1,61.492408752441406,6,9.0,4,0,6,0.0,1.0,0.0,1.0,1.0,1.0,1.0,loo_positive_history_top_20pct,gt0,1000
滁州市,滁州,4803,1,57.46814727783203,3,3.0,3,0,3,0.0,1.0,0.0,1.0,1.0,1.0,1.0,loo_positive_history_top_20pct,gt0,1000
滨州市,滨州,5482,1,51.71208572387696,16,22.0,14,3,13,0.1875,0.8125,0.22727272727272727,0.7727272727272727,0.7884144587402904,0.8532467260170533,0.4667931688804554,loo_positive_history_top_20pct,gt0,1000
滨州市,滨州,5893,1,55.31999969482422,6,11.0,15,0,6,0.0,1.0,0.0,1.0,1.0,1.0,1.0,loo_positive_history_top_20pct,gt0,1000
漯河市,漯河,2701,1,82.91059112548828,23,58.0,5,0,23,0.0,1.0,0.0,1.0,1.0,1.0,1.0,loo_positive_history_top_20pct,gt0,1000
漳州市,漳州,566,1,53.09890365600586,5,11.0,4,0,5,0.0,1.0,0.0,1.0,1.0,1.0,1.0,loo_positive_history_top_20pct,gt0,1000
漳州市,漳州,2252,1,50.90313720703125,8,14.0,4,0,8,0.0,1.0,0.0,1.0,1.0,1.0,1.0,loo_positive_history_top_20pct,gt0,1000
潍坊市,潍坊,3480,1,88.06974029541016,40,107.0,25,10,30,0.25,0.75,0.5327102803738317,0.4672897196261682,0.7362422468521221,0.7120554977518573,0.7448531508411748,loo_positive_history_top_20pct,gt0,1000
潍坊市,潍坊,5791,1,90.40814208984376,11,23.0,28,5,6,0.45454545454545453,0.5454545454545454,0.5652173913043478,0.43478260869565216,0.3227697422109611,0.5279481214293131,0.6582534073700151,loo_positive_history_top_20pct,gt0,1000
濮阳市,濮阳,3094,1,31.275354385375977,7,18.0,11,2,5,0.2857142857142857,0.7142857142857143,0.3333333333333333,0.6666666666666666,0.8659008154321546,0.8011676549572826,0.798689561680976,loo_positive_history_top_20pct,gt0,1000
濮阳市,濮阳,5351,1,32.65576934814453,24,49.0,10,5,19,0.20833333333333334,0.7916666666666666,0.3469387755102041,0.6530612244897959,0.7201264937431819,0.8222410699157165,0.7769804287045666,loo_positive_history_top_20pct,gt0,1000
焦作市,焦作,1965,1,43.88701248168945,8,9.0,13,2,6,0.25,0.75,0.3333333333333333,0.6666666666666666,0.7938034400496627,0.5978057238327825,0.6560738083034341,loo_positive_history_top_20pct,gt0,1000
焦作市,焦作,5486,1,43.58917999267578,2,4.0,13,0,2,0.0,1.0,0.0,1.0,1.0,1.0,1.0,loo_positive_history_top_20pct,gt0,1000
玉林市,玉林,2417,1,83.30535125732422,18,37.0,5,2,16,0.1111111111111111,0.8888888888888888,0.16216216216216217,0.8378378378378378,0.9141161282051791,0.9559318175934717,0.8912532724709673,loo_positive_history_top_20pct,gt0,1000
玉林市,玉林,5653,1,55.035282135009766,2,11.0,7,0,2,0.0,1.0,0.0,1.0,1.0,1.0,1.0,loo_positive_history_top_20pct,gt0,1000
珠海市,珠海,745,1,71.55536651611328,8,18.0,29,2,6,0.25,0.75,0.3888888888888889,0.6111111111111112,0.470762849806029,0.552169576540217,0.31554441260744986,loo_positive_history_top_20pct,gt0,1000
珠海市,珠海,3550,1,59.061180114746094,7,11.0,29,2,5,0.2857142857142857,0.7142857142857143,0.5454545454545454,0.45454545454545453,0.8898981975906352,0.724996137686205,0.790151638676015,loo_positive_history_top_20pct,gt0,1000
珠海市,珠海,5309,1,70.72661590576172,43,115.0,28,16,27,0.37209302325581395,0.627906976744186,0.5478260869565217,0.45217391304347826,0.5441578231656783,0.6945117285778549,0.5830164765525983,loo_positive_history_top_20pct,gt0,1000
珠海市,珠海,5936,1,64.9000015258789,30,75.0,28,13,17,0.43333333333333335,0.5666666666666667,0.56,0.44,0.5270421754228232,0.5361924366068397,0.5219336795844987,loo_positive_history_top_20pct,gt0,1000
珠海市,珠海,6033,1,62.109405517578125,59,139.0,24,8,51,0.13559322033898305,0.864406779661017,0.17985611510791366,0.8201438848920863,0.7920287461990302,0.7520345351661235,0.654783617973802,loo_positive_history_top_20pct,gt0,1000
盐城市,盐城,1494,1,51.834266662597656,11,13.0,0,0,11,0.0,1.0,0.0,1.0,1.0,1.0,1.0,loo_positive_history_top_20pct,gt0,1000
眉山市,眉山,4924,1,54.36734008789063,30,81.0,3,3,27,0.1,0.9,0.1111111111111111,0.8888888888888888,0.8786474138271959,0.9083817189963045,0.8305555555555556,loo_positive_history_top_20pct,gt0,1000
眉山市,眉山,5054,1,40.85995101928711,8,10.0,7,2,6,0.25,0.75,0.3,0.7,0.6548340601957205,0.3563113482064927,0.5494975411588625,loo_positive_history_top_20pct,gt0,1000
石家庄市,石家庄,1951,1,64.77916717529297,112,522.0,64,35,77,0.3125,0.6875,0.5172413793103449,0.4827586206896552,0.6662047353774116,0.6412636724871067,0.6346648763567193,loo_positive_history_top_20pct,gt0,1000
石家庄市,石家庄,2521,1,49.38224029541016,61,160.0,69,25,36,0.4098360655737705,0.5901639344262295,0.5125,0.4875,0.7246068238133063,0.5574247939644374,0.6670412176311354,loo_positive_history_top_20pct,gt0,1000
石家庄市,石家庄,3388,1,46.51633834838867,82,251.0,67,35,47,0.4268292682926829,0.573170731707317,0.6972111553784861,0.30278884462151395,0.6229086636491429,0.5372789657296287,0.5831570038087177,loo_positive_history_top_20pct,gt0,1000
石家庄市,石家庄,4099,1,48.23766326904297,15,77.0,70,8,7,0.5333333333333333,0.4666666666666667,0.6363636363636364,0.36363636363636365,0.6115246880182924,0.6518395643494341,0.5972805659960203,loo_positive_history_top_20pct,gt0,1000
石家庄市,石家庄,5474,1,47.62124252319336,30,49.0,68,9,21,0.3,0.7,0.2857142857142857,0.7142857142857143,0.6873954945453759,0.6073340567056922,0.7847863247863248,loo_positive_history_top_20pct,gt0,1000
石家庄市,石家庄,7147,1,54.03999710083008,35,275.0,69,11,24,0.3142857142857143,0.6857142857142857,0.4036363636363636,0.5963636363636363,0.7988986912308111,0.6851611840859767,0.7248559529921844,loo_positive_history_top_20pct,gt0,1000
福州市,福州,390,1,55.77999877929688,7,10.0,54,5,2,0.7142857142857143,0.2857142857142857,0.8,0.2,0.107288682120644,0.17302300550501118,0.014499700419412821,loo_positive_history_top_20pct,gt0,1000
福州市,福州,1478,1,50.05899429321289,44,100.0,52,25,19,0.5681818181818182,0.4318181818181818,0.7,0.3,0.29221023777386973,0.3914545803587187,0.3173991512609141,loo_positive_history_top_20pct,gt0,1000
福州市,福州,2193,1,46.71408081054688,12,41.0,54,3,9,0.25,0.75,0.17073170731707318,0.8292682926829268,0.9491475880015707,0.8355180670357188,0.9506275455074391,loo_positive_history_top_20pct,gt0,1000
福州市,福州,7121,1,60.43000030517578,49,240.0,53,21,28,0.42857142857142855,0.5714285714285714,0.7416666666666667,0.25833333333333336,0.4743886734357751,0.5281079392821892,0.4697943967832783,loo_positive_history_top_20pct,gt0,1000
福州市,福州,7269,1,62.6599998474121,130,1273.0,45,32,98,0.24615384615384617,0.7538461538461538,0.43205027494108406,0.5679497250589159,0.6041080266790385,0.6788696498781267,0.5699074074074074,loo_positive_history_top_20pct,gt0,1000
秦皇岛市,秦皇岛,5022,1,47.921268463134766,14,62.0,13,7,7,0.5,0.5,0.6290322580645161,0.3709677419354839,0.7376839598289787,0.42863966850728646,0.4681350954478708,loo_positive_history_top_20pct,gt0,1000
秦皇岛市,秦皇岛,5485,1,87.1716537475586,17,56.0,12,5,12,0.29411764705882354,0.7058823529411765,0.5,0.5,0.8007497184427557,0.666121675842565,0.54785300848028,loo_positive_history_top_20pct,gt0,1000
秦皇岛市,秦皇岛,7189,1,43.82900238037109,5,20.0,13,5,0,1.0,0.0,1.0,0.0,0.0,0.0,0.0,loo_positive_history_top_20pct,gt0,1000
绍兴市,绍兴,4218,1,86.7954330444336,1,1.0,10,0,1,0.0,1.0,0.0,1.0,1.0,,1.0,loo_positive_history_top_20pct,gt0,1000
绵阳市,绵阳,3216,1,48.28885269165039,59,252.0,23,18,41,0.3050847457627119,0.6949152542372882,0.47619047619047616,0.5238095238095238,0.811394109103478,0.5599277053636509,0.6834568174278447,loo_positive_history_top_20pct,gt0,1000
绵阳市,绵阳,4086,1,53.598934173583984,4,7.0,26,2,2,0.5,0.5,0.5714285714285714,0.42857142857142855,0.611575477772034,0.27126256637243706,0.3507853403141361,loo_positive_history_top_20pct,gt0,1000
绵阳市,绵阳,4925,1,64.24278259277344,12,19.0,26,8,4,0.6666666666666666,0.3333333333333333,0.7894736842105263,0.21052631578947367,0.18066904471157502,0.2505613997916093,0.3172857142857143,loo_positive_history_top_20pct,gt0,1000
绵阳市,绵阳,4960,1,51.5455207824707,51,123.0,25,19,32,0.37254901960784315,0.6274509803921569,0.4796747967479675,0.5203252032520326,0.6037361332313355,0.536747760929902,0.6183963969887242,loo_positive_history_top_20pct,gt0,1000
绵阳市,绵阳,5499,1,52.799560546875,13,20.0,25,1,12,0.07692307692307693,0.9230769230769231,0.05,0.95,0.8538582669510325,0.7348873262536838,0.7633986928104575,loo_positive_history_top_20pct,gt0,1000
聊城市,聊城,4236,1,57.096050262451165,8,31.0,5,0,8,0.0,1.0,0.0,1.0,1.0,1.0,1.0,loo_positive_history_top_20pct,gt0,1000
聊城市,聊城,4961,1,110.0463409423828,9,12.0,5,2,7,0.2222222222222222,0.7777777777777778,0.3333333333333333,0.6666666666666666,0.8387955616378244,0.6011922599559449,0.45044091710758377,loo_positive_history_top_20pct,gt0,1000
自贡市,自贡,4038,1,57.73483657836914,6,10.0,6,1,5,0.16666666666666666,0.8333333333333334,0.1,0.9,0.5752441158497068,0.8053079932727472,0.8369524522650693,loo_positive_history_top_20pct,gt0,1000
自贡市,自贡,4087,1,56.752960205078125,4,17.0,7,1,3,0.25,0.75,0.29411764705882354,0.7058823529411765,0.08201861540035561,0.5803777739102246,0.09270833333333334,loo_positive_history_top_20pct,gt0,1000
自贡市,自贡,4182,1,48.45279312133789,9,14.0,7,1,8,0.1111111111111111,0.8888888888888888,0.14285714285714285,0.8571428571428571,0.5394250698386951,0.8047912159760877,0.7369374811235276,loo_positive_history_top_20pct,gt0,1000
舟山市,舟山,4219,1,110.0,20,26.0,12,7,13,0.35,0.65,0.5,0.5,0.6051802352320624,0.6830977942916409,0.5813724001821771,loo_positive_history_top_20pct,gt0,1000
舟山市,舟山,4424,1,63.5099983215332,31,54.0,11,8,23,0.25806451612903225,0.7419354838709677,0.42592592592592593,0.5740740740740741,0.5471059697026635,0.6992233547100155,0.6674968145488243,loo_positive_history_top_20pct,gt0,1000
芜湖市,芜湖,876,1,47.9507942199707,5,7.0,17,0,5,0.0,1.0,0.0,1.0,1.0,1.0,1.0,loo_positive_history_top_20pct,gt0,1000
芜湖市,芜湖,4735,1,55.88072967529297,27,48.0,14,4,23,0.14814814814814814,0.8518518518518519,0.1875,0.8125,0.6200487994422714,0.7343974287082453,0.8125871957835994,loo_positive_history_top_20pct,gt0,1000
苏州市,苏州,3581,1,58.3203239440918,26,40.0,14,2,24,0.07692307692307693,0.9230769230769231,0.075,0.925,0.914498248977406,0.9405522276552261,0.9618463180362861,loo_positive_history_top_20pct,gt0,1000
苏州市,苏州,4718,1,64.51640319824219,24,33.0,14,2,22,0.08333333333333333,0.9166666666666666,0.06060606060606061,0.9393939393939394,0.8343548854920642,0.9484877699457288,0.92610891523935,loo_positive_history_top_20pct,gt0,1000
茂名市,茂名,619,1,68.88009643554688,4,6.0,4,0,4,0.0,1.0,0.0,1.0,1.0,1.0,1.0,loo_positive_history_top_20pct,gt0,1000
荆州市,荆州,4707,1,87.24732971191406,38,410.0,2,2,36,0.05263157894736842,0.9473684210526315,0.17317073170731706,0.8268292682926829,0.9614669726369824,0.9433983229996086,0.8870845771144279,loo_positive_history_top_20pct,gt0,1000
荆门市,荆门,4664,1,79.71817016601562,6,9.0,4,0,6,0.0,1.0,0.0,1.0,1.0,1.0,1.0,loo_positive_history_top_20pct,gt0,1000
莆田市,莆田,4568,1,56.136268615722656,8,12.0,7,1,7,0.125,0.875,0.08333333333333333,0.9166666666666666,0.9788364746032606,0.8491030697940241,0.9926639815880323,loo_positive_history_top_20pct,gt0,1000
萍乡市,萍乡,775,1,102.9370346069336,15,27.0,7,6,9,0.4,0.6,0.5555555555555556,0.4444444444444444,0.7387371673311409,0.47738377625992545,0.5058724188224457,loo_positive_history_top_20pct,gt0,1000
萍乡市,萍乡,1215,1,66.55191802978516,1,2.0,8,0,1,0.0,1.0,0.0,1.0,1.0,,1.0,loo_positive_history_top_20pct,gt0,1000
蚌埠市,蚌埠,3115,1,54.98139953613281,18,36.0,8,6,12,0.3333333333333333,0.6666666666666666,0.4722222222222222,0.5277777777777778,0.7197861300007312,0.5528990087084459,0.56497746712039,loo_positive_history_top_20pct,gt0,1000
蚌埠市,蚌埠,4913,1,60.766632080078125,10,13.0,9,6,4,0.6,0.4,0.6923076923076923,0.3076923076923077,0.2084995195144904,0.3607958369536901,0.33708427106776695,loo_positive_history_top_20pct,gt0,1000
衡阳市,衡阳,782,1,71.04207611083984,10,18.0,9,2,8,0.2,0.8,0.1111111111111111,0.8888888888888888,0.6509046474953684,0.7796421057058518,0.8254194467837015,loo_positive_history_top_20pct,gt0,1000
衢州市,衢州,2368,1,90.16305541992188,5,5.0,6,0,5,0.0,1.0,0.0,1.0,1.0,1.0,1.0,loo_positive_history_top_20pct,gt0,1000
衢州市,衢州,4683,1,55.4618034362793,14,39.0,6,1,13,0.07142857142857142,0.9285714285714286,0.1794871794871795,0.8205128205128205,0.8933662631427824,0.831216782218707,0.8325223392019818,loo_positive_history_top_20pct,gt0,1000
襄阳市,襄阳,1771,1,60.21152877807618,11,13.0,19,6,5,0.5454545454545454,0.45454545454545453,0.6153846153846154,0.38461538461538464,0.3320749393287211,0.49327646704094635,0.2750968992248062,loo_positive_history_top_20pct,gt0,1000
襄阳市,襄阳,2621,1,58.59598159790039,16,46.0,19,9,7,0.5625,0.4375,0.7391304347826086,0.2608695652173913,0.4510090510345899,0.45572990619995507,0.35377470262072885,loo_positive_history_top_20pct,gt0,1000
襄阳市,襄阳,4665,1,69.48784637451172,49,158.0,17,15,34,0.30612244897959184,0.6938775510204082,0.43670886075949367,0.5632911392405063,0.5447517894089835,0.7521596220630369,0.4413560679368681,loo_positive_history_top_20pct,gt0,1000
襄阳市,襄阳,7312,1,42.06999969482422,1,33.0,19,0,1,0.0,1.0,0.0,1.0,1.0,1.0,1.0,loo_positive_history_top_20pct,gt0,1000
西安市,西安,412,1,40.45538711547851,37,81.0,85,9,28,0.24324324324324326,0.7567567567567568,0.30864197530864196,0.691358024691358,0.829262545888765,0.7796271081556103,0.7545631707517909,loo_positive_history_top_20pct,gt0,1000
西安市,西安,1775,1,28.37336540222168,25,57.0,86,9,16,0.36,0.64,0.45614035087719296,0.543859649122807,0.6659401424674217,0.5966671946045092,0.6770004729758782,loo_positive_history_top_20pct,gt0,1000
西安市,西安,2011,1,37.67507553100586,72,311.0,84,15,57,0.20833333333333334,0.7916666666666666,0.31511254019292606,0.684887459807074,0.7902547780356776,0.7870980217302672,0.8187993390857352,loo_positive_history_top_20pct,gt0,1000
西安市,西安,3143,1,24.42970848083496,61,169.0,84,18,43,0.29508196721311475,0.7049180327868853,0.39644970414201186,0.6035502958579881,0.5752354620819445,0.5872190868157812,0.6022822091423674,loo_positive_history_top_20pct,gt0,1000
西安市,西安,5536,1,23.65463638305664,38,106.0,85,15,23,0.39473684210526316,0.6052631578947368,0.5283018867924528,0.4716981132075472,0.5508219882726039,0.6314663746641368,0.6097067039106145,loo_positive_history_top_20pct,gt0,1000
西安市,西安,5765,1,28.696102142333984,86,819.0,83,26,60,0.3023255813953488,0.6976744186046512,0.4126984126984127,0.5873015873015873,0.8166434389369313,0.5794151507366375,0.7214867721609918,loo_positive_history_top_20pct,gt0,1000
西安市,西安,5868,1,30.435348510742188,49,92.0,83,14,35,0.2857142857142857,0.7142857142857143,0.4782608695652174,0.5217391304347826,0.7063713209484652,0.647961699136951,0.6232747666827323,loo_positive_history_top_20pct,gt0,1000
许昌市,许昌,1966,1,46.61774063110352,9,15.0,4,1,8,0.1111111111111111,0.8888888888888888,0.06666666666666667,0.9333333333333333,0.5397572731621828,1.0,0.7646360759493671,loo_positive_history_top_20pct,gt0,1000
许昌市,许昌,4832,1,66.06041717529297,1,4.0,5,0,1,0.0,1.0,0.0,1.0,1.0,,1.0,loo_positive_history_top_20pct,gt0,1000
贵阳市,贵阳,459,1,41.14435195922851,9,9.0,38,3,6,0.3333333333333333,0.6666666666666666,0.3333333333333333,0.6666666666666666,0.42959733861990285,0.5195441918128819,0.41285778510415105,loo_positive_history_top_20pct,gt0,1000
贵阳市,贵阳,2353,1,40.799312591552734,33,75.0,38,9,24,0.2727272727272727,0.7272727272727273,0.37333333333333335,0.6266666666666667,0.7296491226066886,0.7041643312505526,0.7350899177024418,loo_positive_history_top_20pct,gt0,1000
贵阳市,贵阳,3811,1,35.60771179199219,25,66.0,37,6,19,0.24,0.76,0.2727272727272727,0.7272727272727273,0.7395028367315768,0.710813525940188,0.48412811387900356,loo_positive_history_top_20pct,gt0,1000
贵阳市,贵阳,4598,1,34.65826797485352,14,15.0,38,2,12,0.14285714285714285,0.8571428571428571,0.13333333333333333,0.8666666666666667,0.7941283115354936,0.8561437396241434,0.7740986959856814,loo_positive_history_top_20pct,gt0,1000
贵阳市,贵阳,5223,1,71.29749298095705,11,52.0,38,4,7,0.36363636363636365,0.6363636363636364,0.19230769230769232,0.8076923076923077,0.5382128342544336,0.4911671097526447,0.4147766801168777,loo_positive_history_top_20pct,gt0,1000
赣州市,赣州,1593,1,63.73298645019531,5,17.0,3,0,5,0.0,1.0,0.0,1.0,1.0,1.0,1.0,loo_positive_history_top_20pct,gt0,1000
赣州市,赣州,3789,1,93.06143951416016,11,14.0,2,0,11,0.0,1.0,0.0,1.0,1.0,1.0,1.0,loo_positive_history_top_20pct,gt0,1000
赣州市,赣州,4004,1,58.90768814086914,1,1.0,3,0,1,0.0,1.0,0.0,1.0,1.0,1.0,1.0,loo_positive_history_top_20pct,gt0,1000
达州市,达州,1750,1,56.28776168823242,6,13.0,8,1,5,0.16666666666666666,0.8333333333333334,0.07692307692307693,0.9230769230769231,0.6837891626039725,0.9810197204037938,0.6461767257404882,loo_positive_history_top_20pct,gt0,1000
达州市,达州,5674,1,59.3602409362793,6,11.0,7,0,6,0.0,1.0,0.0,1.0,1.0,1.0,1.0,loo_positive_history_top_20pct,gt0,1000
连云港市,连云港,4772,1,82.96197509765625,12,13.0,5,0,12,0.0,1.0,0.0,1.0,1.0,1.0,1.0,loo_positive_history_top_20pct,gt0,1000
遂宁市,遂宁,481,1,69.85498809814453,20,72.0,6,3,17,0.15,0.85,0.2777777777777778,0.7222222222222222,0.8388925928453917,0.813537657083507,0.8597647897362795,loo_positive_history_top_20pct,gt0,1000
遂宁市,遂宁,4838,1,47.184280395507805,6,10.0,8,2,4,0.3333333333333333,0.6666666666666666,0.4,0.6,0.22932118601175033,0.6642140693961569,0.41951474041220976,loo_positive_history_top_20pct,gt0,1000
遵义市,遵义,788,1,64.06087493896484,3,6.0,5,1,2,0.3333333333333333,0.6666666666666666,0.16666666666666666,0.8333333333333334,0.4562300204659997,0.33582302928800345,0.5720099079971691,loo_positive_history_top_20pct,gt0,1000
邢台市,邢台,1953,1,53.05901718139648,50,165.0,14,10,40,0.2,0.8,0.28484848484848485,0.7151515151515152,0.7935777134119528,0.7820087254687177,0.6821686938548375,loo_positive_history_top_20pct,gt0,1000
邢台市,邢台,4941,1,109.89995574951172,21,31.0,17,3,18,0.14285714285714285,0.8571428571428571,0.12903225806451613,0.8709677419354839,0.7765488518220767,0.8160351356354499,0.7214479945615228,loo_positive_history_top_20pct,gt0,1000
邢台市,邢台,5475,1,54.66142654418945,6,26.0,19,3,3,0.5,0.5,0.3076923076923077,0.6923076923076923,0.27378336531302966,0.4278587193632659,0.34649122807017546,loo_positive_history_top_20pct,gt0,1000
邯郸市,邯郸,1954,1,41.08917236328125,66,151.0,21,9,57,0.13636363636363635,0.8636363636363636,0.1456953642384106,0.8543046357615894,0.93504651259099,0.8967477106596556,0.9160665568854917,loo_positive_history_top_20pct,gt0,1000
邯郸市,邯郸,4886,1,100.8520050048828,10,11.0,27,1,9,0.1,0.9,0.09090909090909091,0.9090909090909091,0.8498048081248033,0.8946653864562906,0.9385964912280702,loo_positive_history_top_20pct,gt0,1000
邯郸市,邯郸,4964,1,81.55567932128906,9,10.0,27,3,6,0.3333333333333333,0.6666666666666666,0.3,0.7,0.7014484075893006,0.7038445679535577,0.7991646362687087,loo_positive_history_top_20pct,gt0,1000
郑州市,郑州,500,1,38.15180206298828,11,11.0,152,7,4,0.6363636363636364,0.36363636363636365,0.6363636363636364,0.36363636363636365,0.13046668611562318,0.2815484453954392,0.30339209997768357,loo_positive_history_top_20pct,gt0,1000
郑州市,郑州,1671,1,34.019920349121094,23,43.0,151,11,12,0.4782608695652174,0.5217391304347826,0.46511627906976744,0.5348837209302325,0.2556293158403247,0.47017357658375114,0.20681760366319002,loo_positive_history_top_20pct,gt0,1000
郑州市,郑州,4125,1,30.13853645324707,146,509.0,150,69,77,0.4726027397260274,0.5273972602739726,0.5913555992141454,0.4086444007858546,0.4092165672239324,0.4809821646328942,0.41056933915307453,loo_positive_history_top_20pct,gt0,1000
郑州市,郑州,4193,1,33.39348602294922,20,59.0,151,11,9,0.55,0.45,0.5423728813559322,0.4576271186440678,0.24812130174846642,0.2902172414498593,0.22683608949416342,loo_positive_history_top_20pct,gt0,1000
郑州市,郑州,4253,1,32.98309326171875,79,239.0,151,38,41,0.4810126582278481,0.5189873417721519,0.48535564853556484,0.5146443514644351,0.36067258116286266,0.4891823638699321,0.37227581279028227,loo_positive_history_top_20pct,gt0,1000
郑州市,郑州,4902,1,93.46932220458984,49,226.0,151,23,26,0.46938775510204084,0.5306122448979592,0.6327433628318584,0.3672566371681416,0.28571658523823124,0.41231171001648764,0.31673146534387986,loo_positive_history_top_20pct,gt0,1000
郑州市,郑州,5551,1,77.70194244384766,646,8135.0,89,85,561,0.13157894736842105,0.868421052631579,0.41880762138905964,0.5811923786109404,0.7647886696855806,0.8064624639133293,0.7969615539518946,loo_positive_history_top_20pct,gt0,1000
郑州市,郑州,6488,1,60.55999755859375,42,59.0,151,21,21,0.5,0.5,0.5932203389830508,0.4067796610169492,0.43925304763158346,0.4579266440341252,0.4177454720211456,loo_positive_history_top_20pct,gt0,1000
郑州市,郑州,6962,1,30.40999984741212,13,20.0,152,10,3,0.7692307692307693,0.23076923076923078,0.8,0.2,0.09003986513263133,0.10461393729710346,0.030734966592427616,loo_positive_history_top_20pct,gt0,1000
鄂尔多斯市,鄂尔多斯,2102,1,55.17478942871094,10,13.0,6,0,10,0.0,1.0,0.0,1.0,1.0,1.0,1.0,loo_positive_history_top_20pct,gt0,1000
鄂尔多斯市,鄂尔多斯,3278,1,50.53177261352538,18,23.0,5,1,17,0.05555555555555555,0.9444444444444444,0.043478260869565216,0.9565217391304348,0.9502342133263183,0.916321722308411,0.9377537212449256,loo_positive_history_top_20pct,gt0,1000
重庆,重庆,1778,1,83.07715606689455,15,29.0,33,0,15,0.0,1.0,0.0,1.0,1.0,1.0,1.0,loo_positive_history_top_20pct,gt0,1000
重庆,重庆,4689,1,61.83984756469727,12,17.0,34,1,11,0.08333333333333333,0.9166666666666666,0.11764705882352941,0.8823529411764706,0.8661526722549947,0.8170558737349766,0.9400776322173702,loo_positive_history_top_20pct,gt0,1000
重庆,重庆,4843,1,63.64701461791992,3,11.0,35,1,2,0.3333333333333333,0.6666666666666666,0.09090909090909091,0.9090909090909091,0.10999597585429835,0.23657606874571138,0.02130492676431425,loo_positive_history_top_20pct,gt0,1000
重庆,重庆,5182,1,67.42410278320312,5,7.0,35,1,4,0.2,0.8,0.14285714285714285,0.8571428571428571,0.743380226025476,0.7077432568995249,0.320973348783314,loo_positive_history_top_20pct,gt0,1000
重庆,重庆,5489,1,61.72246170043945,17,54.0,33,2,15,0.11764705882352941,0.8823529411764706,0.16666666666666666,0.8333333333333334,0.7195917497251043,0.8692215003174032,0.488586122890914,loo_positive_history_top_20pct,gt0,1000
金华市,金华,1802,1,58.83718490600586,34,73.0,26,4,30,0.11764705882352941,0.8823529411764706,0.1232876712328767,0.8767123287671232,0.8623979913104469,0.8620875027326061,0.7923430735930735,loo_positive_history_top_20pct,gt0,1000
金华市,金华,4220,1,90.60704040527344,9,10.0,30,3,6,0.3333333333333333,0.6666666666666666,0.4,0.6,0.642622430384616,0.8342716042635148,0.4910281970948448,loo_positive_history_top_20pct,gt0,1000
金华市,金华,4684,1,63.91322708129882,8,9.0,30,2,6,0.25,0.75,0.2222222222222222,0.7777777777777778,0.8856606605105961,0.9076894430443478,0.8702146353709049,loo_positive_history_top_20pct,gt0,1000
金华市,金华,5719,1,70.56181335449219,15,34.0,29,1,14,0.06666666666666667,0.9333333333333333,0.14705882352941177,0.8529411764705882,0.970512168383294,0.9768742231512525,0.9662186062964273,loo_positive_history_top_20pct,gt0,1000
钦州市,钦州,798,1,63.89316177368164,9,15.0,4,3,6,0.3333333333333333,0.6666666666666666,0.26666666666666666,0.7333333333333333,0.7465427890250955,0.7753644483056268,0.6739759403075986,loo_positive_history_top_20pct,gt0,1000
钦州市,钦州,5421,1,89.63961791992188,10,14.0,4,2,8,0.2,0.8,0.2857142857142857,0.7142857142857143,0.8593084341822324,0.9235740229920131,0.8744731537474802,loo_positive_history_top_20pct,gt0,1000
铜仁市,铜仁,919,1,55.24677276611328,3,6.0,3,1,2,0.3333333333333333,0.6666666666666666,0.16666666666666666,0.8333333333333334,0.7718304821361862,0.8844086289953826,0.6768873403019744,loo_positive_history_top_20pct,gt0,1000
铜陵市,铜陵,1830,1,99.64713287353516,19,35.0,6,3,16,0.15789473684210525,0.8421052631578947,0.17142857142857143,0.8285714285714286,0.6324254379574549,1.0,0.5315227934044617,loo_positive_history_top_20pct,gt0,1000
铜陵市,铜陵,5431,1,54.77794647216797,6,21.0,7,1,5,0.16666666666666666,0.8333333333333334,0.14285714285714285,0.8571428571428571,0.23478513585297006,1.0,0.8284148397976391,loo_positive_history_top_20pct,gt0,1000
银川市,银川,2115,1,21.23163795471191,32,61.0,19,10,22,0.3125,0.6875,0.3114754098360656,0.6885245901639344,0.6421007698912984,0.5573052908207428,0.311532733277213,loo_positive_history_top_20pct,gt0,1000
银川市,银川,5050,1,32.942771911621094,10,22.0,21,5,5,0.5,0.5,0.5454545454545454,0.45454545454545453,0.4245674503105526,0.2882770423645259,0.3682727528881375,loo_positive_history_top_20pct,gt0,1000
镇江市,镇江,5584,1,63.77387237548828,35,42.0,4,3,32,0.08571428571428572,0.9142857142857143,0.19047619047619047,0.8095238095238095,0.9038753918876716,0.8644508849552223,0.8751382120479955,loo_positive_history_top_20pct,gt0,1000
长春市,长春,1605,1,34.88275146484375,20,48.0,43,5,15,0.25,0.75,0.125,0.875,0.6502674005685053,0.640881769244913,0.7165620688120354,loo_positive_history_top_20pct,gt0,1000
长春市,长春,2593,1,38.58059310913086,33,44.0,42,11,22,0.3333333333333333,0.6666666666666666,0.3409090909090909,0.6590909090909091,0.5481467616171695,0.6010851945011833,0.6743019984128129,loo_positive_history_top_20pct,gt0,1000
长春市,长春,3509,1,32.409202575683594,9,11.0,43,3,6,0.3333333333333333,0.6666666666666666,0.36363636363636365,0.6363636363636364,0.7433271107449253,0.782640505355419,0.3478182797629736,loo_positive_history_top_20pct,gt0,1000
长春市,长春,5065,1,37.55829620361328,28,44.0,42,12,16,0.42857142857142855,0.5714285714285714,0.38636363636363635,0.6136363636363636,0.4685601709776999,0.479636235926118,0.4048699386928059,loo_positive_history_top_20pct,gt0,1000
长春市,长春,5450,1,35.76248550415039,28,47.0,42,6,22,0.21428571428571427,0.7857142857142857,0.19148936170212766,0.8085106382978723,0.6793564191818443,0.7146295695091532,0.472384910888595,loo_positive_history_top_20pct,gt0,1000
长沙市,长沙,5,1,39.76608657836914,29,45.0,53,10,19,0.3448275862068966,0.6551724137931034,0.28888888888888886,0.7111111111111111,0.7015068680656535,0.5930675731633426,0.6204914829544148,loo_positive_history_top_20pct,gt0,1000
长沙市,长沙,326,1,41.406837463378906,3,14.0,54,0,3,0.0,1.0,0.0,1.0,1.0,1.0,1.0,loo_positive_history_top_20pct,gt0,1000
长沙市,长沙,1846,1,40.68135833740234,36,64.0,52,11,25,0.3055555555555556,0.6944444444444444,0.359375,0.640625,0.6841728963815445,0.6496028460740116,0.6157986505951027,loo_positive_history_top_20pct,gt0,1000
长沙市,长沙,3866,1,50.17805480957032,57,96.0,50,15,42,0.2631578947368421,0.7368421052631579,0.2604166666666667,0.7395833333333334,0.7353331042679432,0.694321592932079,0.7345328565042467,loo_positive_history_top_20pct,gt0,1000
长沙市,长沙,5271,1,69.28343963623047,12,23.0,53,1,11,0.08333333333333333,0.9166666666666666,0.08695652173913043,0.9130434782608695,0.9142465286029124,0.8624741169503466,0.883472244063532,loo_positive_history_top_20pct,gt0,1000
长沙市,长沙,6755,1,48.39999771118164,8,15.0,53,1,7,0.125,0.875,0.2,0.8,0.8660497307285597,0.9891946806422967,0.9439320388349515,loo_positive_history_top_20pct,gt0,1000
阜阳市,阜阳,4065,1,48.511173248291016,5,12.0,6,2,3,0.4,0.6,0.5,0.5,0.7331761364805341,0.6567529698269254,0.8758997269793993,loo_positive_history_top_20pct,gt0,1000
阜阳市,阜阳,4804,1,77.5811004638672,5,5.0,6,1,4,0.2,0.8,0.2,0.8,0.7347174613043781,0.6867725535965153,0.7725310992637725,loo_positive_history_top_20pct,gt0,1000
阳江市,阳江,3383,1,63.536399841308594,13,18.0,7,3,10,0.23076923076923078,0.7692307692307693,0.2777777777777778,0.7222222222222222,0.38224561316825645,0.744341641671966,0.7413996229971724,loo_positive_history_top_20pct,gt0,1000
阳江市,阳江,3712,1,77.6100082397461,11,18.0,7,2,9,0.18181818181818182,0.8181818181818182,0.16666666666666666,0.8333333333333334,0.8151964217913317,0.6296570423166556,0.7681777088983598,loo_positive_history_top_20pct,gt0,1000
随州市,随州,4676,1,62.73806762695312,11,47.0,1,1,10,0.09090909090909091,0.9090909090909091,0.2978723404255319,0.7021276595744681,0.96917389821112,0.8431449368464422,0.7544009571013502,loo_positive_history_top_20pct,gt0,1000
随州市,随州,4790,1,56.36548614501954,4,16.0,3,1,3,0.25,0.75,0.375,0.625,0.9367382613463378,0.3089492741052324,0.4360282574568289,loo_positive_history_top_20pct,gt0,1000
雅安市,雅安,4313,1,47.54906463623047,10,61.0,6,4,6,0.4,0.6,0.47540983606557374,0.5245901639344263,0.3071315435902838,0.4700044077712263,0.49664702296281243,loo_positive_history_top_20pct,gt0,1000
雅安市,雅安,4926,1,51.48645782470704,9,24.0,6,2,7,0.2222222222222222,0.7777777777777778,0.125,0.875,0.33137149696438956,0.7238965517585184,0.3445093817286989,loo_positive_history_top_20pct,gt0,1000
青岛市,青岛,943,1,73.68897247314453,38,53.0,54,13,25,0.34210526315789475,0.6578947368421053,0.41509433962264153,0.5849056603773585,0.4415423659196108,0.5685886029476176,0.5391195693963861,loo_positive_history_top_20pct,gt0,1000
青岛市,青岛,4823,1,64.94425201416016,53,64.0,51,12,41,0.22641509433962265,0.7735849056603774,0.3125,0.6875,0.6355706159790545,0.6557993171601335,0.5728,loo_positive_history_top_20pct,gt0,1000
青岛市,青岛,4864,1,61.28301239013672,30,39.0,55,15,15,0.5,0.5,0.5897435897435898,0.41025641025641024,0.3030160932118818,0.4499138577868518,0.3166095092933655,loo_positive_history_top_20pct,gt0,1000
青岛市,青岛,5021,1,65.72306060791016,51,152.0,49,4,47,0.0784313725490196,0.9215686274509803,0.05263157894736842,0.9473684210526315,0.9118157002912546,0.8949963409650865,0.7742325925427832,loo_positive_history_top_20pct,gt0,1000
青岛市,青岛,5803,1,76.67479705810547,14,25.0,55,2,12,0.14285714285714285,0.8571428571428571,0.08,0.92,0.6356338089153389,0.9053666483671206,0.7826030425172279,loo_positive_history_top_20pct,gt0,1000
马鞍山市,马鞍山,877,1,53.00746536254882,20,39.0,17,5,15,0.25,0.75,0.2564102564102564,0.7435897435897436,0.8386399103969099,0.8246638353171422,0.83578720062819,loo_positive_history_top_20pct,gt0,1000
马鞍山市,马鞍山,1315,1,52.049259185791016,10,27.0,18,6,4,0.6,0.4,0.7037037037037037,0.2962962962962963,0.2252060964704286,0.46128980019106014,0.38984824699110415,loo_positive_history_top_20pct,gt0,1000
马鞍山市,马鞍山,4778,1,56.69150924682618,13,36.0,18,3,10,0.23076923076923078,0.7692307692307693,0.5555555555555556,0.4444444444444444,0.6872959944720487,0.817022003918762,0.8508878618341036,loo_positive_history_top_20pct,gt0,1000
驻马店市,驻马店,4833,1,86.05209350585938,8,30.0,1,0,8,0.0,1.0,0.0,1.0,1.0,1.0,1.0,loo_positive_history_top_20pct,gt0,1000
驻马店市,驻马店,5552,1,57.792190551757805,3,4.0,2,0,3,0.0,1.0,0.0,1.0,1.0,1.0,1.0,loo_positive_history_top_20pct,gt0,1000
鹤壁市,鹤壁,1969,1,51.16957473754882,12,15.0,16,3,9,0.25,0.75,0.26666666666666666,0.7333333333333333,0.9149776642075217,0.7304908882784019,0.82252485948984,loo_positive_history_top_20pct,gt0,1000
鹤壁市,鹤壁,5564,1,62.013042449951165,62,236.0,9,4,58,0.06451612903225806,0.9354838709677419,0.17796610169491525,0.8220338983050848,0.9189816968269634,0.8871509169051247,0.9163063322763525,loo_positive_history_top_20pct,gt0,1000
黄冈市,黄冈,1839,1,61.6356086730957,12,19.0,3,1,11,0.08333333333333333,0.9166666666666666,0.10526315789473684,0.8947368421052632,0.9935472145392552,0.9786453317014089,0.9835912348115069,loo_positive_history_top_20pct,gt0,1000
黄冈市,黄冈,4741,1,58.96722412109375,11,21.0,3,0,11,0.0,1.0,0.0,1.0,1.0,1.0,1.0,loo_positive_history_top_20pct,gt0,1000
黄山市,黄山,463,1,81.36565399169922,8,17.0,3,0,8,0.0,1.0,0.0,1.0,1.0,1.0,1.0,loo_positive_history_top_20pct,gt0,1000
黄山市,黄山,4723,1,56.149169921875,12,110.0,2,1,11,0.08333333333333333,0.9166666666666666,0.00909090909090909,0.990909090909091,0.9467632926605878,0.9248264725277768,0.9544138929088278,loo_positive_history_top_20pct,gt0,1000
黄石市,黄石,3858,1,63.436302185058594,6,9.0,10,2,4,0.3333333333333333,0.6666666666666666,0.2222222222222222,0.7777777777777778,0.38097001279589776,0.7902405899501641,0.5561287153033653,loo_positive_history_top_20pct,gt0,1000
黄石市,黄石,5204,1,52.69204711914063,17,45.0,10,4,13,0.23529411764705882,0.7647058823529411,0.24444444444444444,0.7555555555555555,0.5764449963687588,0.7992978746407675,0.5185667752442997,loo_positive_history_top_20pct,gt0,1000
