city_std,city_clean,n_extreme_events,total_affected_grids,total_reports,population_exposure_total,population_exposure_uncovered,road_exposure_total,road_exposure_uncovered,function_exposure_total,function_exposure_uncovered,population_outside_share,road_outside_share,function_outside_share
三亚,三亚市,3,26,44.0,1890.633427619934,750.5671310424805,44.9266153075128,21.297558456497892,20335.0,13214.0,0.39699241538712693,0.47405214727886336,0.6498155888861569
三明,三明市,1,7,11.0,156.44375264644623,83.7808643579483,13.411406642308195,5.663472963237421,5254.0,3062.0,0.5355334613283548,0.42228776699464077,0.5827940616673011
上海,上海,4,62,126.0,12936.720552802086,12278.918016791344,251.88536870741055,237.56648726818617,79904.0,71596.0,0.9491522961073575,0.9431531830820346,0.8960252302763316
上饶,上饶市,2,30,54.0,1839.8764328956604,1643.68226480484,42.65240928517018,38.60723484069737,19098.0,17308.0,0.893365573587981,0.9051595323155808,0.9062729081579223
东莞,东莞市,4,57,98.0,4488.6570917367935,2746.2184377908707,155.17393030641503,105.23310994801611,24623.0,14932.0,0.6118129279348176,0.6781623030377395,0.6064248873004914
中山,中山市,3,21,27.0,1096.203712463379,930.2169303894043,47.343854810730434,37.27180609075471,9648.0,8454.0,0.8485803503611836,0.7872575277141796,0.8762437810945274
临沂,临沂市,3,76,189.0,3316.659758388996,3144.902341902256,229.6397870976338,209.4557155006581,29201.0,24265.0,0.9482137364098607,0.9121055116272415,0.8309646929899661
丽水,丽水市,1,8,17.0,364.9928538799286,337.65672183036804,12.79042512218782,12.79042512218782,9597.0,7567.0,0.9251050212107624,1.0,0.788475565280817
乌海,乌海市,2,41,187.0,630.893881291151,588.0543371140957,53.59907169629796,37.93705162761379,10551.0,9974.0,0.9320970682274135,0.7077930722862513,0.9453132404511421
乐山,乐山市,2,18,69.0,1534.5527617931366,1078.9217908382416,29.208565728316323,14.74388663308471,15312.0,5186.0,0.7030854967655288,0.5047795489249651,0.33868861024033436
九江,九江市,3,26,38.0,1312.8806659281254,1120.9466334879398,77.45317312371849,54.147022191277415,13207.0,10808.0,0.853806947256322,0.6990936588845316,0.818353903233134
伊春,伊春市,1,4,11.0,24.90408724918961,24.90408724918961,3.243636585097585,3.243636585097585,1244.0,1244.0,1.0,1.0,1.0
佛山,佛山市,3,130,328.0,10216.28516292572,7212.508754730225,431.79686569511887,327.46823716293454,94185.0,59018.0,0.7059815421856059,0.7583849332388434,0.6266178266178266
保定,保定市,3,31,55.0,2086.2552132606506,1507.3716180324557,40.316874927362136,26.932145437990933,13138.0,10225.0,0.72252503358712,0.6680117317255834,0.7782767544527325
信阳,信阳市,2,14,24.0,412.23477309942245,355.98584121465683,19.70422875982658,16.339064176026966,5202.0,4959.0,0.863551219947184,0.8292161228527458,0.9532871972318339
儋州,儋州市,1,5,8.0,153.35023736953735,153.35023736953735,3.033560678583777,3.033560678583777,1305.0,1305.0,1.0,1.0,1.0
六安,六安市,3,68,188.0,2122.886036545038,1968.7770220339298,181.4332049594903,168.49605169698265,26123.0,23436.0,0.9274058937417488,0.9286946771105311,0.8971404509436129
兰州,兰州市,2,72,543.0,9465.040643930435,7983.775241136551,232.70697570960738,198.1588598005252,45698.0,39414.0,0.8435014218619586,0.851538116535903,0.8624885115322334
北京,北京,6,805,2572.0,77729.13809382915,60417.5478194952,1881.4438530734133,1428.358418033985,392601.0,297946.0,0.7772831308969795,0.7591820588749989,0.7589028046286178
北海,北海市,3,28,45.0,1081.8763937950134,509.56374502182007,123.61061713621174,59.737821821829954,23934.0,10217.0,0.4709999663033305,0.48327419768483426,0.4268822595470878
南京,南京市,6,152,294.0,17655.35996425152,7992.309238314629,529.6691452433485,291.3169122343537,143779.0,60835.0,0.4526845815943382,0.5499978899101486,0.42311464122020603
南充,南充市,1,12,22.0,1611.8972034454346,1597.0387210845947,23.90064743890377,22.252707404619944,12359.0,11295.0,0.9907819913521285,0.9310504019400986,0.9139088923052027
南宁,南宁市,6,127,281.0,13580.06916134688,8291.127398164477,385.2513483605995,254.52194532607703,131406.0,90123.0,0.6105364633755781,0.6606646450665805,0.6858362631843294
南平,南平市,1,9,22.0,275.86001455783844,275.86001455783844,7.5608624964701185,7.5608624964701185,6532.0,6532.0,1.0,1.0,1.0
南昌,南昌市,6,282,748.0,36614.92574778199,12376.017532497644,1099.1355280934085,512.3173031789668,301175.0,86544.0,0.3380047147370589,0.46610931053029175,0.2873545280982817
南通,南通市,1,10,14.0,1251.6711893081665,1251.6711893081665,23.764445801065165,23.764445801065165,5549.0,5549.0,1.0,1.0,1.0
南阳,南阳市,3,52,172.0,2301.6724989414215,1765.8822157382965,138.4653776360745,106.69780666498865,34729.0,21965.0,0.7672169765900474,0.7705739043692218,0.6324685421405741
厦门,厦门市,7,112,368.0,40286.2703127861,5708.940559267998,495.31937855037853,193.53234394927853,145955.0,46493.0,0.14170933459323207,0.3907223345787076,0.318543386660272
台州,台州市,1,108,217.0,4585.068252801895,4478.054069757462,290.8875298556535,287.174721201378,63381.0,60843.0,0.97666028570479,0.9872362742530837,0.9599564538268567
合肥,合肥市,3,79,240.0,6839.692100048065,4141.070959329605,317.3021513388592,203.71062231135812,51027.0,31243.0,0.6054469848577693,0.6420083237753018,0.6122836929468712
吉安,吉安市,1,15,26.0,171.90827526524663,171.90827526524663,24.875030173932508,24.875030173932508,5759.0,5759.0,1.0,1.0,1.0
吉林,吉林市,2,23,47.0,911.3704600390047,749.885039811954,74.64804236756521,59.255560350765435,9040.0,7279.0,0.8228103418886986,0.7937992540915199,0.8051991150442478
周口,周口市,1,16,19.0,932.1706280708312,846.8609070777893,43.33047349673953,40.19560741796749,13125.0,12376.0,0.9084827193390612,0.9276521619592287,0.9429333333333333
呼伦贝尔,呼伦贝尔市,1,1,1.0,9.46131992340088,9.46131992340088,1.014072046741782,1.014072046741782,26.0,26.0,1.0,1.0,1.0
呼和浩特,呼和浩特市,3,72,104.0,6265.1659494787455,5772.695360437036,233.3839100245745,214.788698359816,38073.0,36577.0,0.9213954437898516,0.9203235061800084,0.9607070627478791
咸宁,咸宁市,2,33,83.0,1567.6714108586311,1558.4798014760015,34.68331106588911,26.978140800817748,14723.0,11396.0,0.9941367755264509,0.7778421370891154,0.7740270325341303
咸阳,咸阳市,2,19,31.0,541.0715432167053,389.5959801673889,43.18302464193448,36.837717563037046,8784.0,5465.0,0.720045223319666,0.8530601519575916,0.6221539162112932
哈尔滨,哈尔滨市,2,43,53.0,4094.318450927735,3372.0723066329956,129.5844633832004,107.02593013794929,33923.0,26783.0,0.8235979558133577,0.8259163741061906,0.7895233322524541
唐山,唐山市,2,27,27.0,1468.4509298801422,1145.8613584041595,58.47810662858952,49.7675017440152,15229.0,13626.0,0.7803198153156449,0.851045025450332,0.8947402981154376
商丘,商丘市,4,101,330.0,3164.9408537447453,1735.5171755850313,209.80624736747407,120.55136338994855,59535.0,31159.0,0.5483569064273585,0.5745842409487633,0.5233728059124885
嘉兴,嘉兴市,2,11,16.0,436.0984926223755,436.0984926223755,19.54818232851581,19.54818232851581,5583.0,5583.0,1.0,1.0,1.0
大庆,大庆市,1,10,12.0,184.4845553636551,184.4845553636551,19.361536726361564,19.361536726361564,3232.0,3232.0,1.0,1.0,1.0
大连,大连市,3,235,597.0,18972.504129230976,10629.940152943134,616.6823695457399,397.49692354335036,197877.0,117180.0,0.5602813461279244,0.6445731922515545,0.5921860549735442
天津,天津,5,411,1087.0,54180.52302444074,34913.47354114149,1298.9088767088315,853.5394515693039,332715.0,175386.0,0.6443915929972119,0.657120346834489,0.5271358369775935
太原,太原市,4,237,631.0,25636.35275876522,17701.039090514183,880.9465532587354,583.8606672203945,173263.0,120289.0,0.690466356781664,0.6627651417224101,0.6942567080103658
威海,威海市,1,20,32.0,1905.3496680259705,1464.212674617767,75.82489111203449,68.5737831412398,10863.0,9006.0,0.768474521600415,0.9043703477255131,0.8290527478597073
孝感,孝感市,2,34,99.0,2930.8265221118927,1455.1945641040802,30.016807362683267,21.5214905706846,21678.0,11849.0,0.49651337365935166,0.716981333512504,0.5465910139311745
宁德,宁德市,2,13,30.0,630.1681771278381,369.4612965583801,25.974879634833812,16.70613256941285,13008.0,6517.0,0.5862899936367779,0.6431649657005134,0.5009993849938499
宁波,宁波市,5,358,872.0,21184.350751519203,12034.514540195465,1355.1254612342263,800.0020958627326,201078.0,98856.0,0.5680851247863912,0.5903527892790854,0.49163011368722587
安庆,安庆市,2,42,104.0,1440.5653112083673,1100.6146910339594,96.04580430099546,66.31237910437613,23334.0,16705.0,0.7640158224487216,0.6904245280362429,0.7159081169109454
安阳,安阳市,2,158,343.0,7194.442921578884,5254.677011907101,378.6014081186895,293.35107769567435,71405.0,54156.0,0.7303799709281612,0.7748282795707679,0.7584342833134935
安顺,安顺市,1,1,1.0,12.42518711090088,12.42518711090088,2.5601580998348,2.5601580998348,91.0,91.0,1.0,1.0,1.0
宜宾,宜宾市,2,15,82.0,1070.914962053299,1000.7514183521271,25.899017815681013,24.822580134891354,9741.0,8843.0,0.9344826188938055,0.9584371234287536,0.9078123395955241
宜昌,宜昌市,2,51,240.0,3889.4615539312363,2792.4296268224716,123.96990817755604,90.1189410074139,32881.0,22275.0,0.7179476099975972,0.7269420646689594,0.6774429001551048
宜春,宜春市,1,4,46.0,233.30881643295288,17.903741359710693,8.915603820860682,7.825225541108725,598.0,321.0,0.07673838320145858,0.8777000075754043,0.5367892976588629
宝鸡,宝鸡市,3,26,40.0,1491.5848994255066,930.0200996398926,67.48511022095676,38.70228187186891,17600.0,6930.0,0.6235113401845888,0.5734936454152867,0.39375
宣城,宣城市,2,8,18.0,449.2765693664551,231.86983108520508,17.585550869343642,15.865130332695076,6863.0,4790.0,0.5160959793923263,0.9021685161055873,0.6979455048812473
岳阳,岳阳市,2,31,79.0,2713.8119235038757,1516.2916955947876,98.24945366122019,73.26249791736598,21638.0,15080.0,0.5587313116514951,0.7456784255512175,0.6969220815232462
崇左,崇左市,1,4,10.0,71.65605379641056,71.65605379641056,2.575266290514956,2.575266290514956,4642.0,4642.0,1.0,1.0,1.0
巴中,巴中市,1,4,10.0,114.8636245727539,114.8636245727539,0.7515366615745318,0.7515366615745318,942.0,942.0,1.0,1.0,1.0
常州,常州市,2,25,33.0,1095.765650421381,1032.0799509584904,57.77786889651057,53.76088351614704,10210.0,9663.0,0.9418801826481784,0.9304753626763459,0.9464250734573947
平顶山,平顶山市,2,11,18.0,430.4052724838257,430.4052724838257,14.124640182268791,14.124640182268791,5984.0,5984.0,1.0,1.0,1.0
广元,广元市,2,5,12.0,31.546332895755775,26.66439729928971,3.4273263567564958,2.4074155831945796,1094.0,473.0,0.8452455436706915,0.702417958665855,0.4323583180987203
广安,广安市,2,6,18.0,229.28780126571655,229.28780126571655,7.051111045614574,7.051111045614574,3307.0,3307.0,1.0,1.0,1.0
广州,广州市,6,362,917.0,61198.70376718044,43072.42375028134,1355.1819851250727,974.4742814100715,398675.0,295475.0,0.703812680643412,0.7190726353406588,0.7411425346460149
庆阳,庆阳市,1,3,3.0,242.5778369903565,53.51657295227052,6.467179567708969,4.457981797124508,2098.0,386.0,0.22061608602107385,0.6893239549715751,0.18398474737845566
廊坊,廊坊市,2,48,160.0,1925.2267548143864,1365.7202418744564,68.89874711129909,53.22934919547398,27404.0,17453.0,0.7093814993268818,0.7725735434562728,0.6368778280542986
延安,延安市,1,4,4.0,257.36172914505005,257.36172914505005,8.90480941681624,8.90480941681624,2251.0,2251.0,1.0,1.0,1.0
开封,开封市,2,34,181.0,2201.6763772964478,876.765154838562,30.3318458717934,22.18555293699766,20029.0,11272.0,0.3982261716025619,0.7314277222286939,0.5627839632532827
张家界,张家界市,1,5,8.0,192.27002692222595,192.27002692222595,5.491902710310807,5.491902710310807,909.0,909.0,1.0,1.0,1.0
徐州,徐州市,2,27,36.0,1772.6253622174263,1350.7488283514977,72.28495318762585,61.39312801503277,25542.0,22870.0,0.7620046836415612,0.8493209901606799,0.8953879884112442
德州,德州市,2,17,28.0,975.2778548002243,805.1651228666306,46.813411025871794,35.74488449680453,11115.0,8891.0,0.8255751106248181,0.7635607769972123,0.7999100314889789
德阳,德阳市,3,94,303.0,4388.930569827557,3524.152467906475,46.39395613280917,30.71923269731841,45362.0,32248.0,0.8029638226983711,0.6621386761969668,0.7109033993210175
怀化,怀化市,2,22,27.0,1006.2664301991462,1000.1655386090277,18.130889347188518,17.02490493809669,6793.0,6308.0,0.9939371011423773,0.938999991235216,0.928602973649345
恩施土家族苗族,恩施土家族苗族自治州,1,14,214.0,314.08033895492554,314.08033895492554,4.789927172117391,4.789927172117391,12712.0,12712.0,1.0,1.0,1.0
惠州,惠州市,3,91,210.0,7191.200617432594,5367.90494120121,195.86220623217315,148.95023038919769,68248.0,45952.0,0.7464546223600784,0.7604847982393986,0.6733091079592076
成都,成都市,5,665,2813.0,52298.89126467705,37906.3682513237,1420.1083667702758,1000.4742021643754,477904.0,350528.0,0.7248025213285136,0.7045055332219005,0.7334694834108942
扬州,扬州市,2,17,35.0,733.270023226738,404.8603638410568,44.076529753585795,34.25227773352357,11571.0,6590.0,0.5521299807940846,0.7771092217335239,0.5695272664419669
抚州,抚州市,1,8,15.0,531.7251653671265,204.410231590271,17.008935283260815,11.108961794024626,5171.0,2071.0,0.3844283567980785,0.6531250550972116,0.4005028040997873
揭阳,揭阳市,1,16,16.0,908.655595779419,834.2888660430908,20.546064536583454,20.283879028514463,8442.0,8333.0,0.9181574074030343,0.9872391373247098,0.9870883676853827
新乡,新乡市,3,304,2519.0,11618.806150399148,9288.363207183778,639.3592123252366,488.548081637207,116356.0,78474.0,0.7994249225738815,0.7641214394337791,0.6744301969816769
无锡,无锡市,3,55,116.0,2564.9049831032753,2021.5274257063866,224.49914164343198,174.28504992336647,28185.0,20138.0,0.788149049973985,0.7763283576388026,0.7144935249246053
昆明,昆明市,7,441,2929.0,41718.16733944416,22908.477493405342,1223.6074252489914,683.6647705922709,447478.0,246596.0,0.5491247328054504,0.5587288508429509,0.5510796061482353
晋城,晋城市,1,13,24.0,612.6103734970093,580.4211378097534,25.775994911918552,21.701357193921325,6238.0,5861.0,0.9474556144005404,0.841921224304977,0.9395639628085924
景德镇,景德镇市,3,79,340.0,3674.6434448082,1402.9836738426238,158.13974605810125,96.83539528226883,38083.0,20379.0,0.38180130804931833,0.6123406524675402,0.5351206575112255
杭州,杭州市,7,173,385.0,15316.115864634514,11428.51358783245,702.7732602051627,525.370668089398,148969.0,92885.0,0.7461757072640928,0.7475678114674211,0.6235189871718277
枣庄,枣庄市,2,17,32.0,647.0872859954834,268.82106590270996,36.43805018780101,12.097564074817557,10718.0,7692.0,0.41543246439953435,0.3320036064626659,0.7176712073147975
柳州,柳州市,3,43,163.0,3069.0780096054077,2419.6622762680054,119.67901029257615,106.56479865611705,40920.0,29364.0,0.7884003823607931,0.8904217907183629,0.7175953079178886
株洲,株洲市,3,58,163.0,2900.106799840927,2136.6830637454987,93.57265813608122,71.89753347669296,30951.0,19808.0,0.7367601303037175,0.768360490220696,0.639979322154373
桂林,桂林市,3,83,287.0,4231.53746676445,2384.5346167087555,178.28053451112885,120.29802943176249,78700.0,45480.0,0.5635149482752982,0.6747681667078079,0.5778907242693774
梅州,梅州市,2,6,38.0,306.6373863220215,306.6373863220215,12.680468036484415,12.680468036484415,5697.0,5697.0,1.0,1.0,1.0
梧州,梧州市,1,4,9.0,176.36040687561035,176.36040687561035,10.163961678322837,10.163961678322837,939.0,939.0,1.0,1.0,1.0
榆林,榆林市,2,27,38.0,728.7816282659769,715.3494907766581,63.33356663364185,58.76288017678799,10489.0,10125.0,0.9815690503597373,0.927831532316925,0.9652969777862522
武汉,武汉市,5,280,688.0,28817.72184215486,18012.618820533156,942.3772133112317,595.3868703007888,216921.0,125574.0,0.6250535319618539,0.6317925156623614,0.5788927766329678
永州,永州市,1,11,16.0,429.4190899133682,429.4190899133682,24.018100148070385,24.018100148070385,6576.0,6576.0,1.0,1.0,1.0
汕头,汕头市,3,130,752.0,9855.677334308624,8844.4279255867,164.64770473563794,138.89159355413437,76550.0,57595.0,0.8973942252348643,0.8435683557031167,0.752384062704115
江门,江门市,2,29,44.0,722.2440375685692,620.4813060164452,37.29924297370224,34.18312541972369,18393.0,14639.0,0.8591020122579236,0.9164562788532848,0.7959006143641603
池州,池州市,3,25,46.0,387.3982936888933,361.6517459899187,33.664649132113006,31.1899772902162,2997.0,2708.0,0.9335398526054149,0.9264904905978599,0.9035702369035702
沧州,沧州市,2,9,105.0,122.63986563682556,90.36340594291688,15.065820048973643,9.97406677288511,3283.0,3229.0,0.736819185781814,0.6620327828464001,0.9835516296070667
河源,河源市,1,13,18.0,338.904039144516,322.27099204063416,18.376602404273203,12.692667694021146,9087.0,7920.0,0.9509210715048777,0.6906971928102257,0.8715747771541763
泉州,泉州市,4,66,123.0,4180.674110651016,3213.4292414188385,160.53250202001124,132.159354431866,45163.0,30861.0,0.7686390176244668,0.8232560557449707,0.6833248455594181
泰安,泰安市,2,22,30.0,788.7026497721672,783.4486653208733,41.175773348627516,36.85891054606909,8470.0,8224.0,0.9933384470651752,0.8951601281168817,0.9709563164108619
泸州,泸州市,1,3,9.0,390.3379919528961,240.3923590183258,7.94725846588006,5.344960655914543,1733.0,1211.0,0.6158569341806089,0.6725540233606401,0.6987882285054818
洛阳,洛阳市,3,92,395.0,3809.9918200969696,2950.03093791008,147.799324291705,118.10644041971327,55809.0,42194.0,0.7742879977718686,0.7991000025589549,0.7560429321435611
济南,济南市,7,115,261.0,8692.085859775543,6214.368264436722,412.07941847606844,235.03964473930276,99191.0,61353.0,0.714945568266303,0.5703746273194489,0.6185339395711305
济宁,济宁市,3,57,134.0,2695.3469185829163,2062.027530193329,155.84570236548475,108.52996147804481,39101.0,22628.0,0.7650323288541439,0.6963936754798893,0.5787064269456024
海口,海口市,7,219,1019.0,20144.174123764038,11388.547527313232,458.2909905566005,230.51000024903692,254832.0,102874.0,0.565351920478,0.5029773768170295,0.4036934137000063
淮北,淮北市,2,27,50.0,2523.4699172973633,1030.031723022461,29.546734233917643,13.690443710748154,18139.0,5743.0,0.4081807022790369,0.4633487952462934,0.31661061800540274
淮南,淮南市,1,9,11.0,308.7327243089676,308.7327243089676,14.948611929344356,14.948611929344356,3826.0,3826.0,1.0,1.0,1.0
深圳,深圳市,7,170,411.0,28993.482677459717,21875.655323028564,760.6248897058163,513.9531598395523,165408.0,111800.0,0.7545025054901481,0.6756985825671993,0.6759044302573032
清远,清远市,3,25,39.0,825.1850794553757,688.0322855710983,44.49424634263215,44.49424634263215,22240.0,11218.0,0.833791476240944,1.0,0.5044064748201439
温州,温州市,4,63,113.0,8052.879449725151,6315.006756663322,149.8669999888808,124.20203282197069,48532.0,41113.0,0.7841923868460314,0.8287483757677522,0.8471317893348719
渭南,渭南市,2,19,42.0,1340.5332918167114,577.2342386245728,44.22835896410507,31.339862297157048,16078.0,6949.0,0.4306004499465254,0.7085920217521955,0.43220549819629306
湖州,湖州市,2,10,11.0,318.49416875839233,318.49416875839233,25.19069677822049,25.19069677822049,1784.0,1784.0,1.0,1.0,1.0
湛江,湛江市,1,6,9.0,1344.8488620519638,1344.8488620519638,11.584018169787225,11.584018169787225,6943.0,6943.0,1.0,1.0,1.0
滁州,滁州市,1,3,3.0,26.538891315460205,26.538891315460205,4.3161810014320885,4.3161810014320885,184.0,184.0,1.0,1.0,1.0
滨州,滨州市,2,22,33.0,507.96248042583466,473.2224806547165,13.134956970299209,12.130184536883677,8231.0,5140.0,0.931609122504491,0.9235039417572874,0.6244684728465557
漯河,漯河市,1,23,58.0,1388.0492660999298,1388.0492660999298,11.132603638630926,11.132603638630926,13830.0,13830.0,1.0,1.0,1.0
漳州,漳州市,2,13,25.0,770.6076896190643,770.6076896190643,45.43292544766851,45.43292544766851,12593.0,12593.0,1.0,1.0,1.0
潍坊,潍坊市,2,51,130.0,2866.00273501873,1661.257210612297,199.69496130519076,132.22069230365062,23478.0,16973.0,0.5796425768593833,0.6621133124214374,0.7229321066530369
濮阳,濮阳市,2,31,67.0,1147.7058465480804,879.0712506771088,68.04266432529752,55.656493837775756,15156.0,11872.0,0.7659377647339379,0.8179646460005429,0.7833201372393771
焦作,焦作市,2,10,13.0,331.1869410276413,268.5949705839157,27.383850069657573,16.80694771719636,3937.0,2595.0,0.8110071301437529,0.6137540073599491,0.6591313182626365
玉林,玉林市,2,20,48.0,1124.6090288162234,1033.874981880188,60.24750881018931,57.75054643318824,16859.0,15239.0,0.9193194749365092,0.9585549273934664,0.9039088913933211
珠海,珠海市,5,147,358.0,6601.678922772407,4096.54158437252,496.21651609019443,328.79616707975055,91642.0,53408.0,0.6205302669661127,0.6626062543633415,0.5827895506427184
盐城,盐城市,1,11,13.0,447.0152015686035,447.0152015686035,42.361092424299486,42.361092424299486,6940.0,6940.0,1.0,1.0,1.0
眉山,眉山市,2,38,91.0,1688.638137459755,1431.8905483484268,44.06605001712228,36.45634105886801,27357.0,21407.0,0.8479558269970394,0.8273112984872154,0.7825053916730635
石家庄,石家庄市,6,335,1334.0,27284.383772611618,18547.034024477005,832.3918029290767,500.8018846053634,194341.0,124809.0,0.6797673782574021,0.6016420186300583,0.6422165163295445
福州,福州市,5,242,1664.0,31552.053043752905,15800.443644672632,745.4861288339891,437.85700652771317,270748.0,132567.0,0.5007738679559876,0.58734427052662,0.4896324257242897
秦皇岛,秦皇岛市,3,36,138.0,1450.2753930091858,1020.9243965148926,119.94361067330411,56.525676288285815,21254.0,8852.0,0.7039520917448444,0.4712687568014555,0.41648630845958406
绍兴,绍兴市,1,1,1.0,9.118532180786133,9.118532180786133,0.0,0.0,64.0,64.0,1.0,,1.0
绵阳,绵阳市,5,139,421.0,8302.998801112175,5407.043508172035,212.82466018836985,107.87206933111166,82004.0,51546.0,0.6512157399622616,0.5068588820282138,0.6285790937027462
聊城,聊城市,2,17,43.0,844.1976857185364,765.9521760940552,22.998009148459595,18.997724691398787,9180.0,6064.0,0.9073137596226851,0.8260595327518275,0.6605664488017429
自贡,自贡市,3,19,41.0,1029.9131836891174,479.63217782974243,21.231762670524503,16.19342906196084,9613.0,7000.0,0.46570156147697295,0.7626982890328625,0.7281805887860189
舟山,舟山市,2,51,80.0,3295.803551197052,1887.2192122936249,58.7747466420635,40.72732259136374,30440.0,19184.0,0.5726127734792256,0.6929391433942191,0.6302233902759526
芜湖,芜湖市,2,32,55.0,1415.846132457256,970.985424220562,85.63050274287805,68.6840682835898,15594.0,13176.0,0.6857986909462959,0.8020981552546391,0.8449403616775683
苏州,苏州市,2,50,73.0,2874.9092683792114,2550.1952228546143,119.07421336853713,112.43915356244793,20352.0,19250.0,0.8870524196724785,0.9442779455065258,0.9458529874213837
茂名,茂名市,1,4,6.0,125.45862579345702,125.45862579345702,6.270173939625603,6.270173939625603,2275.0,2275.0,1.0,1.0,1.0
荆州,荆州市,1,38,410.0,2273.723208427429,2186.109769821167,77.52533796165277,73.13727382300111,25125.0,22288.0,0.9614669726369824,0.9433983229996086,0.8870845771144279
荆门,荆门市,1,6,9.0,238.297926902771,238.297926902771,3.382808147948027,3.382808147948027,4539.0,4539.0,1.0,1.0,1.0
莆田,莆田市,1,8,12.0,614.3310360908508,601.3296256065369,16.775126956451086,14.2438117949071,6952.0,6901.0,0.9788364746032606,0.849103069794024,0.9926639815880323
萍乡,萍乡市,2,16,29.0,1314.4655504226682,974.353798866272,43.10858819493627,20.57934062173272,13332.0,6895.0,0.7412547240610202,0.47738377625992545,0.5171767176717672
蚌埠,蚌埠市,2,28,49.0,1336.5941833257675,701.7353442907333,98.79598406695187,47.018314807165694,18871.0,8839.0,0.5250175057208817,0.4759132190565804,0.4683906523236712
衡阳,衡阳市,1,10,18.0,756.003490447998,492.0861854553223,42.12112455046689,32.839402239224455,15437.0,12742.0,0.6509046474953685,0.7796421057058518,0.8254194467837015
衢州,衢州市,2,19,44.0,543.2515478134155,501.11943340301514,37.46691417728182,32.331526625385806,13345.0,11452.0,0.922444557074928,0.8629354014158477,0.8581491195204196
襄阳,襄阳市,4,77,250.0,4950.227504611015,2342.801058650017,96.59579232193065,63.23500978697743,61412.0,23553.0,0.4732713913588325,0.6546352410074994,0.3835243926268482
西安,西安市,7,368,1635.0,35003.87896323204,25772.941682577133,1211.8926544114747,808.3171640818957,280477.0,199223.0,0.7362881613677429,0.6669874275906348,0.7103006663647999
许昌,许昌市,2,10,19.0,1129.7706022262573,613.0203580856323,4.557669900618057,4.557669900618057,7612.0,5827.0,0.5426060448711019,1.0,0.7655018392012611
贵阳,贵阳市,5,92,217.0,6742.721080303192,4577.621243715286,244.91962201801405,166.94045841465103,72284.0,43699.0,0.6788982058129934,0.6816132453543163,0.604545957611643
赣州,赣州市,3,17,32.0,1696.6992557048798,1696.6992557048798,32.45557888330945,32.45557888330945,13354.0,13354.0,1.0,1.0,1.0
达州,达州市,2,12,24.0,1149.788972377777,913.9187026023865,16.091262743743446,15.915561861524647,13262.0,10407.0,0.7948577735202937,0.9890809761162396,0.7847232694917811
连云港,连云港市,1,12,13.0,337.4805594608188,337.4805594608188,24.368066628800275,24.368066628800275,6366.0,6366.0,1.0,1.0,1.0
遂宁,遂宁市,2,26,82.0,2106.2028517723083,1596.2206854820251,32.36083474366629,24.991008209753986,26281.0,20908.0,0.7578665483900812,0.7722609261383551,0.7955557246680112
遵义,遵义市,1,3,6.0,52.74984931945801,24.066064834594727,7.207712720179967,2.420515919928512,5652.0,3233.0,0.4562300204659997,0.33582302928800345,0.5720099079971691
邢台,邢台市,3,77,222.0,3681.558416485786,2727.81434071064,73.26694721327839,55.4909108463448,41942.0,27390.0,0.7409401215788562,0.757379868507583,0.6530446807496066
邯郸,邯郸市,3,85,172.0,4343.749075889587,3955.4908537864685,169.60797707097004,148.11590694242605,49739.0,44967.0,0.9106167931618829,0.8732838484386207,0.9040591889664046
郑州,郑州市,9,1029,9301.0,75156.46489882469,43705.220812916756,2524.4805113331113,1635.0338381594393,570456.0,337074.0,0.5815231047888234,0.647671404401542,0.590885186587572
鄂尔多斯,鄂尔多斯市,2,28,36.0,1357.354879245162,1338.2619055360556,81.87240463514767,77.23712104844172,7068.0,6792.0,0.9859336905911266,0.943384054647443,0.9609507640067911
重庆,重庆,5,52,118.0,4805.063483119011,4044.123457789421,150.65884409341982,131.01265739035756,48092.0,34939.0,0.8416378830367385,0.869598185083113,0.7265033685436247
金华,金华市,4,66,126.0,3033.924607515335,2620.0951340198517,181.8817447129348,162.54019212548002,31916.0,25834.0,0.863599289029666,0.8936586372756558,0.8094372728412081
钦州,钦州市,2,19,29.0,677.4171013832093,548.2757458686829,43.03097637582725,37.33898344966038,17481.0,13970.0,0.8093621267446092,0.8677233610398774,0.7991533665122132
铜仁,铜仁市,1,3,6.0,387.43860626220703,299.03692626953125,2.1654285028556317,1.915123653398073,4305.0,2914.0,0.7718304821361862,0.8844086289953824,0.6768873403019744
铜陵,铜陵市,2,25,56.0,846.2706844806671,485.66711354255676,9.977898463670895,9.977898463670895,7527.0,4705.0,0.5738909812769861,1.0,0.6250830344094592
银川,银川市,2,42,83.0,2215.12369081378,1319.2555839717386,64.50772307436073,31.458104466144164,22541.0,7425.0,0.5955674572227061,0.48766415813314484,0.32939976043653785
镇江,镇江市,1,35,42.0,5223.027920246124,4720.966408252716,93.29175638383848,80.64614136503617,24419.0,21370.0,0.9038753918876716,0.8644508849552223,0.8751382120479955
长春,长春市,5,118,194.0,11675.837813079357,6478.085489243269,297.86409855537056,184.39711632136812,100508.0,55919.0,0.554828320926698,0.6190645909180967,0.5563636725434791
长沙,长沙市,6,145,257.0,12624.980859875679,9524.607092022896,461.8230859652837,312.95036730957554,131780.0,92055.0,0.7544254678669419,0.677641237131876,0.6985506146607983
阜阳,阜阳市,2,10,17.0,379.08589267730713,278.2032346725464,26.61826261927803,17.756438187167266,7968.0,6572.0,0.733879155216583,0.6670772785263351,0.8247991967871486
阳江,阳江市,2,24,36.0,1407.885855525732,626.5864132344723,57.26265523948395,39.7404986528108,16231.0,12241.0,0.4450548393360289,0.6940037706356444,0.7541741112685602
随州,随州市,2,15,63.0,512.692685842514,491.44002318382263,13.035676576869573,9.702760014356784,8399.0,5525.0,0.9585469751264997,0.7443234692991159,0.6578164067150851
雅安,雅安市,2,19,85.0,2124.986894965172,678.306107878685,20.09285537356164,12.307875689824922,8172.0,3564.0,0.3192048428561261,0.6125498572004722,0.43612334801762115
青岛,青岛市,5,186,333.0,15914.330257177353,8470.104918003082,591.4111544453658,403.17331250459046,120390.0,69462.0,0.5322313148668679,0.6817140824519828,0.5769748317966609
马鞍山,马鞍山市,3,43,102.0,1665.569252550602,1127.8292575478554,113.53543152982232,85.96774548254035,16210.0,12758.0,0.6771434185764008,0.7571886971685947,0.7870450339296731
驻马店,驻马店市,2,11,34.0,823.121361374855,823.121361374855,21.735993545973336,21.735993545973336,5788.0,5788.0,1.0,1.0,1.0
鹤壁,鹤壁市,2,74,251.0,2864.376790702343,2630.5785413980484,127.87858255338112,110.41597897132674,25440.0,22877.0,0.9183772714318889,0.8634438759534665,0.899253144654088
黄冈,黄冈市,2,23,40.0,826.9027214050293,823.8500609397888,48.87815077113662,48.28508196678358,17448.0,17290.0,0.9963083197258639,0.9878663821156005,0.9909445208619899
黄山,黄山市,2,20,127.0,586.7038695812225,570.1914527416229,32.31628191275166,30.712851179051103,11550.0,11298.0,0.9718556196818919,0.9503831926572016,0.9781818181818182
黄石,黄石市,2,23,54.0,1667.29008102417,875.9361763000488,75.1333802892565,59.87453007508276,14816.0,7836.0,0.5253651936572342,0.7969098401345902,0.5288876889848813
