city_std,city_clean,n_historical_events,low_history_city,mean_jaccard,median_jaccard,mean_overlap_coefficient,median_overlap_coefficient,split_reps
北海,北海市,12,False,0.4491190476190476,0.5,0.6686666666666666,0.6666666666666666,100.0
萍乡,萍乡市,8,False,0.3673611111111111,0.375,0.6928333333333333,0.6666666666666666,100.0
郑州,郑州市,33,False,0.2587294746133604,0.2620499419279907,0.6583723338689978,0.6575342465753424,100.0
南昌,南昌市,23,False,0.4245475152233812,0.41935483870967744,0.6472674292086567,0.6436507936507937,100.0
海口,海口市,28,False,0.4400326607426939,0.4375,0.6455580651232825,0.6363636363636364,100.0
潍坊,潍坊市,7,False,0.22771200510855685,0.21428571428571427,0.618544955044955,0.6,100.0
秦皇岛,秦皇岛市,12,False,0.3322019230769231,0.38461538461538464,0.5541269841269841,0.5555555555555556,100.0
景德镇,景德镇市,9,False,0.3558318713450293,0.35294117647058826,0.5927110389610389,0.5555555555555556,100.0
德阳,德阳市,11,False,0.28942829996090863,0.2727272727272727,0.5955280275280276,0.5555555555555556,100.0
商丘,商丘市,13,False,0.3045070726237709,0.29411764705882354,0.574889705023219,0.55,100.0
襄阳,襄阳市,14,False,0.2908181182534729,0.2857142857142857,0.5504315684315684,0.5384615384615384,100.0
保定,保定市,11,False,0.18506116768984415,0.18181818181818182,0.5085817760670701,0.5333333333333333,100.0
新乡,新乡市,9,False,0.1283274726682686,0.1346153846153846,0.5537898383436309,0.5294117647058824,100.0
石家庄,石家庄市,23,False,0.2997794340238096,0.29933358015549794,0.5266780199372383,0.5277777777777778,100.0
昆明,昆明市,27,False,0.31922183118726255,0.3188405797101449,0.5233738206378579,0.5244047619047619,100.0
长春,长春市,18,False,0.29399924098758856,0.2978723404255319,0.48905836423358495,0.5,100.0
厦门,厦门市,28,False,0.2833292068322064,0.2826086956521739,0.503636483206948,0.5,100.0
珠海,珠海市,17,False,0.2722665553269206,0.27698863636363635,0.5079220241402904,0.5,100.0
马鞍山,马鞍山市,9,False,0.2521590920259651,0.25,0.5199181096681096,0.5,100.0
舟山,舟山市,7,False,0.2515384615384615,0.2857142857142857,0.4779960317460317,0.5,100.0
沧州,沧州市,6,False,0.2607142857142857,0.25,0.4750000000000001,0.5,100.0
宜春,宜春市,4,False,0.1825,0.25,0.53,0.5,100.0
蚌埠,蚌埠市,5,False,0.3131818181818182,0.3,0.5549999999999999,0.5,100.0
孝感,孝感市,5,False,0.28,0.25,0.5766666666666667,0.5,100.0
岳阳,岳阳市,5,False,0.1613888888888889,0.125,0.4100000000000001,0.5,100.0
益阳,益阳市,4,False,0.2161904761904762,0.16666666666666666,0.45,0.5,100.0
渭南,渭南市,7,False,0.28927020202020204,0.3,0.5355,0.5,100.0
石嘴山,石嘴山市,4,False,0.18857142857142847,0.2857142857142857,0.33,0.5,100.0
滁州,滁州市,4,False,0.17,0.25,0.34,0.5,100.0
乌海,乌海市,5,False,0.23030303030303034,0.18181818181818182,0.48783333333333334,0.5,100.0
淮北,淮北市,5,False,0.21105311355311354,0.23076923076923078,0.5295000000000001,0.5,100.0
新余,新余市,4,False,0.16433333333333336,0.16666666666666666,0.365,0.5,100.0
福州,福州市,19,False,0.26908126935726545,0.27586206896551724,0.49798973398668367,0.4864864864864865,100.0
大连,大连市,10,False,0.21558677917656482,0.21784313725490195,0.4578141805160802,0.4583333333333333,100.0
开封,开封市,8,False,0.21471917937135326,0.22233201581027667,0.43067354867354857,0.4444444444444444,100.0
绵阳,绵阳市,17,False,0.24308918254941617,0.23333333333333334,0.4511098682878869,0.4375,100.0
宝鸡,宝鸡市,9,False,0.21649954212454212,0.21428571428571427,0.41855158730158726,0.42857142857142855,100.0
安庆,安庆市,8,False,0.1936617647058824,0.18198529411764708,0.3888055555555555,0.42857142857142855,100.0
青岛,青岛市,17,False,0.2292847016048907,0.23214285714285715,0.4204910285838151,0.41935483870967744,100.0
天津,天津,19,False,0.20912500581397298,0.21495327102803738,0.4161860374705831,0.4187683284457478,100.0
武汉,武汉市,18,False,0.21088099085494424,0.2111111111111111,0.41750280360396386,0.4176356589147287,100.0
济南,济南市,25,False,0.2098539232123398,0.20825229230341763,0.40670686186375915,0.40625,100.0
宁波,宁波市,18,False,0.20458363247389694,0.20353982300884957,0.40770478409246913,0.4,100.0
桂林,桂林市,12,False,0.20916603404646886,0.2,0.3963727106227107,0.4,100.0
咸宁,咸宁市,5,False,0.20894444444444446,0.25,0.38549999999999995,0.4,100.0
佛山,佛山市,11,False,0.1707460479112493,0.16666666666666666,0.4041817988038644,0.3956521739130435,100.0
南宁,南宁市,21,False,0.2138517993908103,0.21052631578947367,0.3814343095881998,0.3849206349206349,100.0
银川,银川市,8,False,0.2045911067193676,0.20833333333333334,0.39330519480519494,0.38461538461538464,100.0
三亚,三亚市,12,False,0.21599684873949576,0.21428571428571427,0.39039682539682535,0.375,100.0
枣庄,枣庄市,8,False,0.14969362745098042,0.17647058823529413,0.3680634920634921,0.375,100.0
信阳,信阳市,8,False,0.19330402930402932,0.21428571428571427,0.412702380952381,0.375,100.0
成都,成都市,20,False,0.17071344911455413,0.184,0.3760091755074648,0.36954689146469966,100.0
济宁,济宁市,11,False,0.18486248823640128,0.18181818181818182,0.3630185647685647,0.36363636363636365,100.0
西安,西安市,26,False,0.1860453027040484,0.18947368421052632,0.34506063127228315,0.34545454545454546,100.0
株洲,株洲市,11,False,0.16596658312447787,0.15789473684210525,0.33828246753246743,0.3333333333333333,100.0
柳州,柳州市,10,False,0.12219001831501827,0.14285714285714285,0.342,0.3333333333333333,100.0
邢台,邢台市,11,False,0.15586408709520838,0.13636363636363635,0.35472885447885444,0.3333333333333333,100.0
清远,清远市,4,False,0.12399999999999999,0.2,0.20666666666666664,0.3333333333333333,100.0
钦州,钦州市,5,False,0.13566666666666666,0.16666666666666666,0.31,0.3333333333333333,100.0
太原,太原市,14,False,0.17582427027735317,0.1782106782106782,0.3311566900701339,0.3333333333333333,100.0
九江,九江市,9,False,0.1708762903762904,0.16666666666666666,0.33345238095238094,0.3333333333333333,100.0
阜阳,阜阳市,6,False,0.14438095238095236,0.14285714285714285,0.2816666666666666,0.3333333333333333,100.0
宜昌,宜昌市,8,False,0.15110049019607844,0.13333333333333333,0.36394444444444446,0.3333333333333333,100.0
濮阳,濮阳市,5,False,0.16941142191142192,0.15384615384615385,0.3374285714285714,0.3333333333333333,100.0
廊坊,廊坊市,6,False,0.166078431372549,0.17647058823529413,0.36782539682539683,0.3333333333333333,100.0
安阳,安阳市,6,False,0.14068682898379292,0.14285714285714285,0.3708838702147527,0.3333333333333333,100.0
淄博,淄博市,4,False,0.10479259259259259,0.08,0.35583333333333345,0.3333333333333333,100.0
德州,德州市,5,False,0.11736263736263734,0.08333333333333333,0.3828333333333333,0.3333333333333333,100.0
宁德,宁德市,6,False,0.2095,0.2,0.3816666666666667,0.3333333333333333,100.0
玉林,玉林市,5,False,0.17988095238095245,0.125,0.36,0.3333333333333333,100.0
雅安,雅安市,8,False,0.194345238095238,0.14285714285714285,0.355,0.3333333333333333,100.0
东营,东营市,4,False,0.1099080459770115,0.10344827586206896,0.31916666666666665,0.3333333333333333,100.0
抚州,抚州市,4,False,0.1033333333333333,0.16666666666666666,0.2066666666666666,0.3333333333333333,100.0
贵阳,贵阳市,19,False,0.17325357880410724,0.17584541062801934,0.3181868296667463,0.32,100.0
合肥,合肥市,12,False,0.09731407686490583,0.09302884615384616,0.32029046305506464,0.3157894736842105,100.0
呼和浩特,呼和浩特市,9,False,0.1448374195449835,0.14814814814814814,0.2914629953379953,0.3076923076923077,100.0
深圳,深圳市,28,False,0.15853000318498398,0.1587730231269907,0.3052982583487411,0.3,100.0
哈尔滨,哈尔滨市,6,False,0.08357142857142855,0.10714285714285714,0.26766233766233766,0.3,100.0
广州,广州市,21,False,0.14558615233773772,0.14359351988217967,0.2980770062115132,0.29758481886141464,100.0
邯郸,邯郸市,10,False,0.13525948444399502,0.13333333333333333,0.3026846674567263,0.29411764705882354,100.0
长沙,长沙市,22,False,0.13039986902627396,0.13224043715846995,0.2898154732891489,0.29330943847072877,100.0
芜湖,芜湖市,6,False,0.09517887856897143,0.1111111111111111,0.2691666666666666,0.2857142857142857,100.0
扬州,扬州市,7,False,0.14758874703727642,0.13333333333333333,0.3263968253968254,0.2857142857142857,100.0
重庆,重庆,19,False,0.12707470185798359,0.1388888888888889,0.276736479421851,0.2777777777777778,100.0
杭州,杭州市,25,False,0.1408628984365291,0.14102564102564102,0.2744975432274293,0.275,100.0
东莞,东莞市,15,False,0.1219841762241143,0.11428571428571428,0.2762955327696039,0.26666666666666666,100.0
北京,北京,24,False,0.11283353926977252,0.11224489795918367,0.2712956465040982,0.265441512886991,100.0
遂宁,遂宁市,6,False,0.14655555555555558,0.1111111111111111,0.303,0.25,100.0
汕头,汕头市,9,False,0.08044945661549077,0.09090909090909091,0.23163189588189592,0.25,100.0
南充,南充市,4,False,0.0871428571428571,0.14285714285714285,0.17666666666666664,0.25,100.0
宣城,宣城市,6,False,0.09071428571428569,0.14285714285714285,0.1858333333333333,0.25,100.0
铜陵,铜陵市,6,False,0.1355,0.1111111111111111,0.28583333333333333,0.25,100.0
鹤壁,鹤壁市,5,False,0.08094736842105263,0.1,0.24740476190476188,0.25,100.0
莆田,莆田市,4,False,0.13,0.125,0.22899999999999993,0.25,100.0
焦作,焦作市,7,False,0.04281547619047618,0.06666666666666667,0.2008333333333333,0.25,100.0
聊城,聊城市,5,False,0.0957142857142857,0.14285714285714285,0.19333333333333333,0.25,100.0
菏泽,菏泽市,4,False,0.11111111111111112,0.1111111111111111,0.23349999999999999,0.25,100.0
乐山,乐山市,6,False,0.11529304029304027,0.07692307692307693,0.29950000000000004,0.25,100.0
南京,南京市,22,False,0.12271581051088724,0.12244897959183673,0.24957897519412278,0.24037037037037035,100.0
洛阳,洛阳市,12,False,0.10459717441683923,0.09375,0.24403029650088473,0.23529411764705882,100.0
苏州,苏州市,6,False,0.09132954936360509,0.1111111111111111,0.20469047619047617,0.2222222222222222,100.0
南阳,南阳市,8,False,0.10853383458646615,0.10526315789473684,0.22644877344877343,0.2222222222222222,100.0
临沂,临沂市,11,False,0.09224758794359557,0.0851063829787234,0.21110109907952485,0.20833333333333334,100.0
滨州,滨州市,7,False,0.12917728758169933,0.058823529411764705,0.23644444444444443,0.20833333333333331,100.0
衢州,衢州市,6,False,0.07180555555555555,0.1111111111111111,0.13649999999999998,0.2,100.0
唐山,唐山市,6,False,0.10296620046620047,0.08333333333333333,0.20738095238095236,0.2,100.0
自贡,自贡市,9,False,0.08127380952380951,0.1111111111111111,0.16799999999999998,0.2,100.0
吉林,吉林市,6,False,0.08888888888888889,0.1111111111111111,0.18049999999999997,0.2,100.0
黄石,黄石市,5,False,0.11259906759906758,0.07692307692307693,0.23233333333333334,0.2,100.0
徐州,徐州市,7,False,0.08113664596273291,0.08695652173913043,0.19676659451659448,0.18181818181818182,100.0
泉州,泉州市,14,False,0.07895753524829262,0.07692307692307693,0.1730616756824187,0.16666666666666666,100.0
无锡,无锡市,10,False,0.07264416995299348,0.05714285714285714,0.15877722999394825,0.16666666666666666,100.0
咸阳,咸阳市,8,False,0.06431585081585081,0.08333333333333333,0.1327142857142857,0.16666666666666666,100.0
上海,上海,15,False,0.07213598845290081,0.07299658994032396,0.1668476623785833,0.1639784946236559,100.0
惠州,惠州市,10,False,0.07284729064039407,0.07019704433497537,0.15985350760350758,0.15384615384615385,100.0
兰州,兰州市,7,False,0.05743568106611583,0.041666666666666664,0.17335173160173156,0.14285714285714285,100.0
温州,温州市,12,False,0.05557686557531759,0.05555555555555555,0.1323157880131564,0.13333333333333333,100.0
金华,金华市,16,False,0.0611367123425947,0.05714285714285714,0.13104468420296592,0.125,100.0
中山,中山市,11,False,0.06242193675889328,0.041666666666666664,0.12437101787101788,0.1,100.0
崇左,崇左市,4,False,0.0,0.0,0.0,0.0,100.0
达州,达州市,6,False,0.030000000000000006,0.0,0.065,0.0,100.0
榆林,榆林市,5,False,0.018461538461538463,0.0,0.06749999999999999,0.0,100.0
十堰,十堰市,4,False,0.0,0.0,0.0,0.0,100.0
嘉兴,嘉兴市,6,False,0.0,0.0,0.0,0.0,100.0
湖州,湖州市,5,False,0.0,0.0,0.0,0.0,100.0
连云港,连云港市,4,False,0.0,0.0,0.0,0.0,100.0
江门,江门市,6,False,0.0,0.0,0.0,0.0,100.0
湘潭,湘潭市,4,False,0.0,0.0,0.0,0.0,100.0
广元,广元市,7,False,0.11,0.0,0.235,0.0,100.0
漳州,漳州市,5,False,0.0,0.0,0.0,0.0,100.0
茂名,茂名市,4,False,0.0,0.0,0.0,0.0,100.0
遵义,遵义市,4,False,0.0,0.0,0.0,0.0,100.0
常州,常州市,4,False,0.0,0.0,0.0,0.0,100.0
汉中,汉中市,4,False,0.0,0.0,0.0,0.0,100.0
淮南,淮南市,4,False,0.0,0.0,0.0,0.0,100.0
眉山,眉山市,5,False,0.04458333333333332,0.0,0.145,0.0,100.0
宜宾,宜宾市,6,False,0.06000000000000001,0.0,0.11333333333333334,0.0,100.0
池州,池州市,4,False,0.062,0.0,0.155,0.0,100.0
延安,延安市,4,False,0.0,0.0,0.0,0.0,100.0
许昌,许昌市,5,False,0.059666666666666666,0.0,0.11333333333333333,0.0,100.0
鄂尔多斯,鄂尔多斯市,5,False,0.0,0.0,0.0,0.0,100.0
泰安,泰安市,5,False,0.01890909090909091,0.0,0.04,0.0,100.0
上饶,上饶市,5,False,0.05011111111111109,0.0,0.12300000000000001,0.0,100.0
怀化,怀化市,5,False,0.0,0.0,0.0,0.0,100.0
巴中,巴中市,4,False,0.0,0.0,0.0,0.0,100.0
庆阳,庆阳市,5,False,0.27,0.0,0.27,0.0,100.0
周口,周口市,4,False,0.0,0.0,0.0,0.0,100.0
平顶山,平顶山市,5,False,0.0,0.0,0.0,0.0,100.0
泸州,泸州市,3,True,0.335,0.5,0.67,1.0,100.0
贺州,贺州市,3,True,0.19333333333333333,0.3333333333333333,0.58,1.0,100.0
保山,保山市,2,True,0.5,0.5,1.0,1.0,100.0
随州,随州市,3,True,0.20333333333333328,0.3333333333333333,0.61,1.0,100.0
威海,威海市,2,True,0.19999999999999996,0.2,0.5,0.5,100.0
丽水,丽水市,3,True,0.2266666666666666,0.3333333333333333,0.34,0.5,100.0
镇江,镇江市,3,True,0.18444444444444447,0.2222222222222222,0.67,0.5,100.0
资阳,资阳市,2,True,0.3333333333333334,0.3333333333333333,0.5,0.5,100.0
荆州,荆州市,2,True,0.11111111111111112,0.1111111111111111,0.5,0.5,100.0
三明,三明市,3,True,0.325,0.25,0.53,0.5,100.0
衡水,衡水市,3,True,0.11199999999999999,0.16666666666666666,0.25499999999999995,0.3333333333333333,100.0
阳江,阳江市,3,True,0.11583333333333332,0.1111111111111111,0.3233333333333333,0.3333333333333333,100.0
晋城,晋城市,2,True,0.19999999999999996,0.2,0.3333333333333334,0.3333333333333333,100.0
邵阳,邵阳市,3,True,0.11611111111111111,0.1111111111111111,0.2925,0.25,100.0
黄山,黄山市,3,True,0.0,0.0,0.0,0.0,100.0
天水,天水市,3,True,0.0,0.0,0.0,0.0,100.0
衡阳,衡阳市,3,True,0.0,0.0,0.0,0.0,100.0
铜仁,铜仁市,3,True,0.0,0.0,0.0,0.0,100.0
南通,南通市,2,True,0.0,0.0,0.0,0.0,100.0
广安,广安市,3,True,0.0,0.0,0.0,0.0,100.0
河源,河源市,3,True,0.0,0.0,0.0,0.0,100.0
绍兴,绍兴市,3,True,0.0,0.0,0.0,0.0,100.0
台州,台州市,3,True,0.0,0.0,0.0,0.0,100.0
梅州,梅州市,2,True,0.0,0.0,0.0,0.0,100.0
赣州,赣州市,3,True,0.0,0.0,0.0,0.0,100.0
六安,六安市,3,True,0.0,0.0,0.0,0.0,100.0
荆门,荆门市,3,True,0.0,0.0,0.0,0.0,100.0
黄冈,黄冈市,3,True,0.0,0.0,0.0,0.0,100.0
常德,常德市,3,True,0.04333333333333333,0.0,0.08666666666666666,0.0,100.0
晋中,晋中市,2,True,0.0,0.0,0.0,0.0,100.0
运城,运城市,3,True,0.0,0.0,0.0,0.0,100.0
赤峰,赤峰市,3,True,0.0,0.0,0.0,0.0,100.0
儋州,儋州市,2,True,0.0,0.0,0.0,0.0,100.0
西宁,西宁市,3,True,0.0,0.0,0.0,0.0,100.0
攀枝花,攀枝花市,2,True,0.0,0.0,0.0,0.0,100.0
龙岩,龙岩市,2,True,0.0,0.0,0.0,0.0,100.0
昭通,昭通市,2,True,0.0,0.0,0.0,0.0,100.0
鹰潭,鹰潭市,2,True,0.0,0.0,0.0,0.0,100.0
永州,永州市,2,True,0.0,0.0,0.0,0.0,100.0
牡丹江,牡丹江市,3,True,0.0,0.0,0.0,0.0,100.0
临汾,临汾市,2,True,0.0,0.0,0.0,0.0,100.0
烟台,烟台市,3,True,0.0,0.0,0.0,0.0,100.0
大庆,大庆市,3,True,0.0,0.0,0.0,0.0,100.0
陇南,陇南市,3,True,0.0,0.0,0.0,0.0,100.0
漯河,漯河市,3,True,0.0,0.0,0.0,0.0,100.0
安康,安康市,3,True,0.0,0.0,0.0,0.0,100.0
日照,日照市,3,True,0.0,0.0,0.0,0.0,100.0
湛江,湛江市,3,True,0.06200000000000001,0.0,0.155,0.0,100.0
吉安,吉安市,3,True,0.0,0.0,0.0,0.0,100.0
安顺,安顺市,3,True,0.0,0.0,0.0,0.0,100.0
揭阳,揭阳市,2,True,0.0,0.0,0.0,0.0,100.0
南平,南平市,2,True,0.0,0.0,0.0,0.0,100.0
韶关,韶关市,3,True,0.0,0.0,0.0,0.0,100.0
淮安,淮安市,3,True,0.0,0.0,0.0,0.0,100.0
驻马店,驻马店市,3,True,0.0,0.0,0.0,0.0,100.0
忻州,忻州市,2,True,0.0,0.0,0.0,0.0,100.0
松原,松原市,2,True,0.0,0.0,0.0,0.0,100.0
吕梁,吕梁市,2,True,0.0,0.0,0.0,0.0,100.0
郴州,郴州市,1,True,,,,,100.0
盐城,盐城市,1,True,,,,,100.0
鄂州,鄂州市,1,True,,,,,100.0
商洛,商洛市,1,True,,,,,100.0
抚顺,抚顺市,0,True,,,,,
六盘水,六盘水市,1,True,,,,,100.0
朔州,朔州市,1,True,,,,,100.0
通辽,通辽市,0,True,,,,,
丹东,丹东市,0,True,,,,,
贵港,贵港市,1,True,,,,,100.0
防城港,防城港市,1,True,,,,,100.0
肇庆,肇庆市,1,True,,,,,100.0
吴忠,吴忠市,1,True,,,,,100.0
固原,固原市,1,True,,,,,100.0
大同,大同市,1,True,,,,,100.0
张家口,张家口市,1,True,,,,,100.0
包头,包头市,1,True,,,,,100.0
伊春,伊春市,1,True,,,,,100.0
武威,武威市,1,True,,,,,100.0
亳州,亳州市,1,True,,,,,100.0
宿州,宿州市,1,True,,,,,100.0
白山,白山市,1,True,,,,,100.0
酒泉,酒泉市,1,True,,,,,100.0
河池,河池市,1,True,,,,,100.0
四平,四平市,0,True,,,,,
葫芦岛,葫芦岛市,1,True,,,,,100.0
营口,营口市,0,True,,,,,
铁岭,铁岭市,0,True,,,,,
梧州,梧州市,1,True,,,,,100.0
娄底,娄底市,1,True,,,,,100.0
张家界,张家界市,1,True,,,,,100.0
恩施土家族苗族,恩施土家族苗族自治州,1,True,,,,,100.0
通化,通化市,1,True,,,,,100.0
佳木斯,佳木斯市,1,True,,,,,100.0
呼伦贝尔,呼伦贝尔市,1,True,,,,,100.0
三门峡,三门峡市,1,True,,,,,100.0
长治,长治市,1,True,,,,,100.0
阳泉,阳泉市,1,True,,,,,100.0
湘西土家族苗族,湘西土家族苗族自治州,1,True,,,,,100.0
来宾,来宾市,1,True,,,,,100.0
潮州,潮州市,1,True,,,,,100.0
泰州,泰州市,1,True,,,,,100.0
平凉,平凉市,0,True,,,,,
沈阳,沈阳市,0,True,,,,,
辽阳,辽阳市,0,True,,,,,
锦州,锦州市,0,True,,,,,
鞍山,鞍山市,0,True,,,,,
