city_clean,city_std,Event_ID,city_grid_count,historical_inventory_grids,affected_grids,observed_covered_affected_grids,observed_impact_coverage_rate,observed_uncovered_impact_share,random_mean_impact_coverage_rate,random_median_impact_coverage_rate,random_q05_impact_coverage_rate,random_q95_impact_coverage_rate,coverage_lift,coverage_difference,empirical_p_value,random_reps
三亚市,三亚,268,384,12,7,1,0.14285714285714285,0.8571428571428571,0.027999999999999997,0.0,0.0,0.14285714285714285,5.1020408163265305,0.11485714285714285,0.182,500
三亚市,三亚,1283,384,13,12,4,0.3333333333333333,0.6666666666666666,0.03566666666666667,0.0,0.0,0.16666666666666666,9.345794392523363,0.29766666666666663,0.0,500
三亚市,三亚,2108,384,12,7,3,0.42857142857142855,0.5714285714285714,0.029428571428571422,0.0,0.0,0.14285714285714285,14.563106796116507,0.39914285714285713,0.002,500
三明市,三明,3682,459,3,7,2,0.2857142857142857,0.7142857142857143,0.004857142857142857,0.0,0.0,0.0,58.82352941176471,0.28085714285714286,0.0,500
上海,上海,689,5235,60,7,1,0.14285714285714285,0.8571428571428571,0.009428571428571427,0.0,0.0,0.14285714285714285,15.151515151515154,0.13342857142857142,0.062,500
上海,上海,1266,5235,59,17,1,0.058823529411764705,0.9411764705882353,0.01188235294117647,0.0,0.0,0.058823529411764705,4.9504950495049505,0.046941176470588236,0.186,500
上海,上海,4601,5235,60,11,1,0.09090909090909091,0.9090909090909091,0.01309090909090909,0.0,0.0,0.09090909090909091,6.944444444444445,0.07781818181818181,0.14,500
上海,上海,4711,5235,58,27,1,0.037037037037037035,0.9629629629629629,0.009999999999999998,0.0,0.0,0.037037037037037035,3.703703703703704,0.027037037037037037,0.236,500
上饶市,上饶,2357,1098,7,16,1,0.0625,0.9375,0.005625,0.0,0.0,0.0625,11.11111111111111,0.056875,0.084,500
上饶市,上饶,5398,1098,7,14,1,0.07142857142857142,0.9285714285714286,0.005714285714285713,0.0,0.0,0.07142857142857142,12.500000000000002,0.06571428571428571,0.08,500
东莞市,东莞,717,1719,33,2,0,0.0,1.0,0.013,0.0,0.0,0.0,0.0,-0.013,1.0,500
东莞市,东莞,3510,1719,33,13,4,0.3076923076923077,0.6923076923076923,0.016461538461538465,0.0,0.0,0.07692307692307693,18.691588785046726,0.29123076923076924,0.0,500
东莞市,东莞,4517,1719,32,29,7,0.2413793103448276,0.7586206896551724,0.018344827586206897,0.0,0.0,0.06896551724137931,13.157894736842106,0.2230344827586207,0.0,500
东莞市,东莞,5297,1719,33,13,8,0.6153846153846154,0.38461538461538464,0.017230769230769234,0.0,0.0,0.07692307692307693,35.71428571428571,0.5981538461538461,0.0,500
中山市,中山,353,921,21,10,3,0.3,0.7,0.0246,0.0,0.0,0.1,12.195121951219512,0.2754,0.002,500
中山市,中山,1788,921,21,4,0,0.0,1.0,0.021,0.0,0.0,0.25,0.0,-0.021,1.0,500
中山市,中山,5927,921,20,7,0,0.0,1.0,0.022,0.0,0.0,0.14285714285714285,0.0,-0.022,1.0,500
临沂市,临沂,103,4416,42,21,4,0.19047619047619047,0.8095238095238095,0.009428571428571427,0.0,0.0,0.047619047619047616,20.202020202020204,0.18104761904761904,0.0,500
临沂市,临沂,3467,4416,43,8,0,0.0,1.0,0.0105,0.0,0.0,0.125,0.0,-0.0105,1.0,500
临沂市,临沂,4955,4416,39,47,4,0.0851063829787234,0.9148936170212766,0.009021276595744681,0.0,0.0,0.0425531914893617,9.433962264150942,0.07608510638297872,0.002,500
丽水市,丽水,3852,430,2,8,1,0.125,0.875,0.0045,0.0,0.0,0.0,27.77777777777778,0.1205,0.034,500
乌海市,乌海,3531,481,8,29,5,0.1724137931034483,0.8275862068965517,0.017724137931034483,0.0,0.0,0.06896551724137931,9.72762645914397,0.15468965517241381,0.0,500
乌海市,乌海,5047,481,10,12,5,0.4166666666666667,0.5833333333333334,0.01933333333333333,0.0,0.0,0.08333333333333333,21.55172413793104,0.39733333333333337,0.0,500
乐山市,乐山,4082,395,11,3,1,0.3333333333333333,0.6666666666666666,0.024666666666666663,0.0,0.0,0.3333333333333333,13.513513513513514,0.30866666666666664,0.072,500
乐山市,乐山,4128,395,11,15,8,0.5333333333333333,0.4666666666666667,0.027466666666666667,0.0,0.0,0.13333333333333333,19.41747572815534,0.5058666666666667,0.0,500
九江市,九江,1835,871,9,22,4,0.18181818181818182,0.8181818181818182,0.010181818181818184,0.0,0.0,0.045454545454545456,17.857142857142854,0.17163636363636364,0.0,500
九江市,九江,2358,871,11,3,1,0.3333333333333333,0.6666666666666666,0.009333333333333332,0.0,0.0,0.0,35.714285714285715,0.32399999999999995,0.028,500
九江市,九江,5237,871,11,1,1,1.0,0.0,0.012,0.0,0.0,0.0,83.33333333333333,0.988,0.012,500
伊春市,伊春,3317,727,0,4,0,0.0,1.0,0.0,0.0,0.0,0.0,,0.0,1.0,500
佛山市,佛山,3027,2002,30,96,18,0.1875,0.8125,0.014645833333333332,0.010416666666666666,0.0,0.03125,12.802275960170698,0.17285416666666667,0.0,500
佛山市,佛山,4519,2002,42,7,4,0.5714285714285714,0.42857142857142855,0.024,0.0,0.0,0.14285714285714285,23.809523809523807,0.5474285714285714,0.0,500
佛山市,佛山,5366,2002,40,27,5,0.18518518518518517,0.8148148148148148,0.018074074074074072,0.0,0.0,0.07407407407407407,10.245901639344263,0.1671111111111111,0.0,500
保定市,保定,1947,5578,32,24,9,0.375,0.625,0.006083333333333333,0.0,0.0,0.041666666666666664,61.64383561643836,0.36891666666666667,0.0,500
保定市,保定,3267,5578,33,5,1,0.2,0.8,0.0028000000000000004,0.0,0.0,0.0,71.42857142857142,0.19720000000000001,0.014,500
保定市,保定,3359,5578,32,2,0,0.0,1.0,0.01,0.0,0.0,0.0,0.0,-0.01,1.0,500
信阳市,信阳,4805,1849,12,11,1,0.09090909090909091,0.9090909090909091,0.006,0.0,0.0,0.09090909090909091,15.151515151515152,0.0849090909090909,0.066,500
信阳市,信阳,5738,1849,13,3,0,0.0,1.0,0.007333333333333332,0.0,0.0,0.0,0.0,-0.007333333333333332,1.0,500
儋州市,儋州,2104,130,2,5,0,0.0,1.0,0.013600000000000001,0.0,0.0,0.2,0.0,-0.013600000000000001,1.0,500
六安市,六安,1809,1286,13,6,2,0.3333333333333333,0.6666666666666666,0.007333333333333333,0.0,0.0,0.0,45.45454545454545,0.32599999999999996,0.002,500
六安市,六安,3331,1286,12,6,1,0.16666666666666666,0.8333333333333334,0.008333333333333331,0.0,0.0,0.0,20.000000000000004,0.15833333333333333,0.048,500
六安市,六安,4801,1286,3,56,0,0.0,1.0,0.002,0.0,0.0,0.017857142857142856,0.0,-0.002,1.0,500
兰州市,兰州,24,1222,20,6,2,0.3333333333333333,0.6666666666666666,0.014666666666666666,0.0,0.0,0.16666666666666666,22.727272727272727,0.31866666666666665,0.004,500
兰州市,兰州,3281,1222,14,66,6,0.09090909090909091,0.9090909090909091,0.01109090909090909,0.015151515151515152,0.0,0.030303030303030304,8.196721311475411,0.07981818181818182,0.0,500
北京,北京,150,6619,175,54,18,0.3333333333333333,0.6666666666666666,0.025814814814814815,0.018518518518518517,0.0,0.05648148148148063,12.91248206599713,0.3075185185185185,0.0,500
北京,北京,1926,6619,166,157,37,0.2356687898089172,0.7643312101910829,0.02494267515923567,0.025477707006369428,0.006369426751592357,0.044585987261146494,9.448416751787537,0.21072611464968152,0.0,500
北京,北京,3262,6619,165,173,32,0.18497109826589594,0.815028901734104,0.02467052023121387,0.023121387283236993,0.005780346820809248,0.046242774566473986,7.497656982193066,0.16030057803468206,0.0,500
北京,北京,3308,6619,176,31,7,0.22580645161290322,0.7741935483870968,0.026838709677419352,0.03225806451612903,0.0,0.06451612903225806,8.413461538461538,0.19896774193548386,0.0,500
北京,北京,3369,6619,173,72,12,0.16666666666666666,0.8333333333333334,0.026305555555555558,0.027777777777777776,0.0,0.05555555555555555,6.335797254487855,0.1403611111111111,0.0,500
北京,北京,7098,6619,139,318,41,0.1289308176100629,0.8710691823899371,0.020823899371069182,0.018867924528301886,0.009433962264150943,0.03459119496855346,6.191482935668982,0.10810691823899371,0.0,500
北海市,北海,265,218,7,9,4,0.4444444444444444,0.5555555555555556,0.029111111111111112,0.0,0.0,0.1111111111111111,15.267175572519083,0.41533333333333333,0.0,500
北海市,北海,320,218,8,10,7,0.7,0.3,0.0338,0.0,0.0,0.1,20.710059171597635,0.6661999999999999,0.0,500
北海市,北海,600,218,7,9,3,0.3333333333333333,0.6666666666666666,0.03088888888888889,0.0,0.0,0.1111111111111111,10.791366906474819,0.3024444444444444,0.004,500
南京市,南京,445,2591,82,20,8,0.4,0.6,0.0313,0.0,0.0,0.1,12.779552715654953,0.3687,0.0,500
南京市,南京,3918,2591,82,11,4,0.36363636363636365,0.6363636363636364,0.029454545454545452,0.0,0.0,0.09090909090909091,12.34567901234568,0.3341818181818182,0.0,500
南京市,南京,4604,2591,79,66,19,0.2878787878787879,0.7121212121212122,0.03069696969696969,0.030303030303030304,0.0,0.07575757575757576,9.378084896347485,0.25718181818181823,0.0,500
南京市,南京,4797,2591,81,25,9,0.36,0.64,0.029759999999999998,0.04,0.0,0.08,12.096774193548388,0.33024,0.0,500
南京市,南京,5517,2591,82,14,5,0.35714285714285715,0.6428571428571429,0.03,0.0,0.0,0.14285714285714285,11.904761904761905,0.3271428571428572,0.0,500
南京市,南京,5579,2591,81,16,3,0.1875,0.8125,0.030125,0.0,0.0,0.125,6.224066390041494,0.157375,0.016,500
南充市,南充,1504,743,5,12,1,0.08333333333333333,0.9166666666666666,0.0075,0.0,0.0,0.08333333333333333,11.11111111111111,0.07583333333333334,0.086,500
南宁市,南宁,15,884,33,14,3,0.21428571428571427,0.7857142857142857,0.037,0.0,0.0,0.14285714285714285,5.7915057915057915,0.17728571428571427,0.014,500
南宁市,南宁,160,884,33,11,4,0.36363636363636365,0.6363636363636364,0.038181818181818185,0.0,0.0,0.18181818181818182,9.523809523809524,0.32545454545454544,0.0,500
南宁市,南宁,1667,884,31,49,14,0.2857142857142857,0.7142857142857143,0.03526530612244898,0.04081632653061224,0.0,0.08163265306122448,8.101851851851851,0.2504489795918367,0.0,500
南宁市,南宁,2427,884,33,8,2,0.25,0.75,0.03875,0.0,0.0,0.125,6.451612903225807,0.21125,0.028,500
南宁市,南宁,3310,884,31,34,8,0.23529411764705882,0.7647058823529411,0.036294117647058824,0.029411764705882353,0.0,0.08823529411764706,6.482982171799027,0.199,0.0,500
南宁市,南宁,4021,884,33,11,2,0.18181818181818182,0.8181818181818182,0.04018181818181819,0.0,0.0,0.18181818181818182,4.524886877828054,0.14163636363636364,0.078,500
南平市,南平,3945,441,2,9,0,0.0,1.0,0.0044444444444444444,0.0,0.0,0.0,0.0,-0.0044444444444444444,1.0,500
南昌市,南昌,296,1066,58,37,25,0.6756756756756757,0.32432432432432434,0.0532972972972973,0.05405405405405406,0.0,0.10810810810810811,12.677484787018255,0.6223783783783784,0.0,500
南昌市,南昌,473,1066,57,44,26,0.5909090909090909,0.4090909090909091,0.051136363636363626,0.045454545454545456,0.0,0.11363636363636363,11.555555555555559,0.5397727272727273,0.0,500
南昌市,南昌,822,1066,57,23,15,0.6521739130434783,0.34782608695652173,0.05269565217391303,0.043478260869565216,0.0,0.13043478260869565,12.376237623762378,0.5994782608695652,0.0,500
南昌市,南昌,2359,1066,58,30,19,0.6333333333333333,0.36666666666666664,0.04986666666666666,0.03333333333333333,0.0,0.1,12.70053475935829,0.5834666666666667,0.0,500
南昌市,南昌,3994,1066,56,100,32,0.32,0.68,0.05104000000000001,0.05,0.02,0.09,6.269592476489027,0.26896,0.0,500
南昌市,南昌,5196,1066,56,48,16,0.3333333333333333,0.6666666666666666,0.04833333333333333,0.041666666666666664,0.0,0.10416666666666667,6.896551724137931,0.285,0.0,500
南通市,南通,1745,4727,1,10,0,0.0,1.0,0.0,0.0,0.0,0.0,,0.0,1.0,500
南阳市,南阳,1956,2694,16,8,1,0.125,0.875,0.00625,0.0,0.0,0.0,20.0,0.11875,0.048,500
南阳市,南阳,4826,2694,14,36,8,0.2222222222222222,0.7777777777777778,0.005333333333333334,0.0,0.0,0.027777777777777776,41.66666666666666,0.21688888888888888,0.0,500
南阳市,南阳,5867,2694,16,8,0,0.0,1.0,0.00575,0.0,0.0,0.0,0.0,-0.00575,1.0,500
厦门市,厦门,388,743,43,8,6,0.75,0.25,0.057,0.0,0.0,0.25,13.157894736842104,0.693,0.0,500
厦门市,厦门,574,743,42,10,6,0.6,0.4,0.057,0.0,0.0,0.2,10.526315789473683,0.5429999999999999,0.0,500
厦门市,厦门,778,743,43,5,3,0.6,0.4,0.0512,0.0,0.0,0.2,11.718749999999998,0.5488,0.002,500
厦门市,厦门,1598,743,42,18,9,0.5,0.5,0.05655555555555556,0.05555555555555555,0.0,0.16666666666666666,8.840864440078585,0.4434444444444444,0.0,500
厦门市,厦门,2133,743,42,29,16,0.5517241379310345,0.4482758620689655,0.05358620689655172,0.034482758620689655,0.0,0.10344827586206896,10.296010296010296,0.4981379310344828,0.0,500
厦门市,厦门,3514,743,42,24,13,0.5416666666666666,0.4583333333333333,0.056083333333333325,0.041666666666666664,0.0,0.125,9.658246656760774,0.4855833333333333,0.0,500
厦门市,厦门,5649,743,42,18,8,0.4444444444444444,0.5555555555555556,0.05522222222222223,0.05555555555555555,0.0,0.16666666666666666,8.048289738430583,0.3892222222222222,0.0,500
台州市,台州,4212,1795,3,108,1,0.009259259259259259,0.9907407407407407,0.0017037037037037036,0.0,0.0,0.009259259259259259,5.434782608695652,0.007555555555555555,0.178,500
合肥市,合肥,503,2409,58,17,2,0.11764705882352941,0.8823529411764706,0.023058823529411764,0.0,0.0,0.11764705882352941,5.1020408163265305,0.09458823529411764,0.062,500
合肥市,合肥,2741,2409,57,30,11,0.36666666666666664,0.6333333333333333,0.024,0.03333333333333333,0.0,0.06666666666666667,15.277777777777777,0.3426666666666666,0.0,500
合肥市,合肥,5456,2409,58,32,10,0.3125,0.6875,0.02675,0.03125,0.0,0.0625,11.682242990654206,0.28575,0.0,500
吉安市,吉安,3777,626,3,15,0,0.0,1.0,0.0037333333333333337,0.0,0.0,0.06666666666666667,0.0,-0.0037333333333333337,1.0,500
吉林市,吉林,2507,1682,7,11,2,0.18181818181818182,0.8181818181818182,0.004363636363636363,0.0,0.0,0.0,41.66666666666667,0.17745454545454545,0.0,500
吉林市,吉林,5058,1682,7,12,1,0.08333333333333333,0.9166666666666666,0.005833333333333333,0.0,0.0,0.08333333333333333,14.285714285714286,0.0775,0.068,500
周口市,周口,4827,2294,6,16,2,0.125,0.875,0.00325,0.0,0.0,0.0625,38.46153846153846,0.12175,0.0,500
呼伦贝尔市,呼伦贝尔,5537,2525,0,1,0,0.0,1.0,0.0,0.0,0.0,0.0,,0.0,1.0,500
呼和浩特市,呼和浩特,3255,1232,21,40,2,0.05,0.95,0.01825,0.025,0.0,0.05,2.7397260273972606,0.03175,0.166,500
呼和浩特市,呼和浩特,4850,1232,23,24,4,0.16666666666666666,0.8333333333333334,0.01975,0.0,0.0,0.08333333333333333,8.438818565400844,0.14691666666666667,0.0,500
呼和浩特市,呼和浩特,5722,1232,24,8,2,0.25,0.75,0.0165,0.0,0.0,0.125,15.15151515151515,0.23349999999999999,0.008,500
咸宁市,咸宁,2658,392,6,20,4,0.2,0.8,0.0148,0.0,0.0,0.05,13.513513513513514,0.1852,0.0,500
咸宁市,咸宁,4721,392,8,13,3,0.23076923076923078,0.7692307692307693,0.018,0.0,0.0,0.07692307692307693,12.820512820512823,0.2127692307692308,0.0,500
咸阳市,咸阳,2010,1275,10,7,3,0.42857142857142855,0.5714285714285714,0.008285714285714285,0.0,0.0,0.14285714285714285,51.724137931034484,0.42028571428571426,0.0,500
咸阳市,咸阳,5877,1275,8,12,0,0.0,1.0,0.006166666666666666,0.0,0.0,0.08333333333333333,0.0,-0.006166666666666666,1.0,500
哈尔滨市,哈尔滨,2589,4855,24,31,5,0.16129032258064516,0.8387096774193549,0.005225806451612903,0.0,0.0,0.03225806451612903,30.8641975308642,0.15606451612903224,0.0,500
哈尔滨市,哈尔滨,4304,4855,25,12,2,0.16666666666666666,0.8333333333333334,0.0045,0.0,0.0,0.0,37.03703703703704,0.16216666666666665,0.006,500
唐山市,唐山,3312,4684,9,18,4,0.2222222222222222,0.7777777777777778,0.002444444444444445,0.0,0.0,0.0,90.90909090909089,0.21977777777777777,0.0,500
唐山市,唐山,5472,4684,8,9,0,0.0,1.0,0.0004444444444444444,0.0,0.0,0.0,0.0,-0.0004444444444444444,1.0,500
商丘市,商丘,2618,2060,30,10,5,0.5,0.5,0.013600000000000001,0.0,0.0,0.1,36.76470588235294,0.4864,0.0,500
商丘市,商丘,4190,2060,30,4,3,0.75,0.25,0.014,0.0,0.0,0.25,53.57142857142857,0.736,0.0,500
商丘市,商丘,4828,2060,26,68,18,0.2647058823529412,0.7352941176470589,0.0135,0.014705882352941176,0.0,0.04411764705882353,19.607843137254903,0.25120588235294117,0.0,500
商丘市,商丘,4895,2060,30,19,10,0.5263157894736842,0.47368421052631576,0.015052631578947366,0.0,0.0,0.05263157894736842,34.96503496503497,0.5112631578947369,0.0,500
嘉兴市,嘉兴,1653,2205,10,4,0,0.0,1.0,0.0045,0.0,0.0,0.0,0.0,-0.0045,1.0,500
嘉兴市,嘉兴,4213,2205,9,7,0,0.0,1.0,0.003714285714285714,0.0,0.0,0.0,0.0,-0.003714285714285714,1.0,500
大庆市,大庆,3284,3262,6,10,0,0.0,1.0,0.001,0.0,0.0,0.0,0.0,-0.001,1.0,500
大连市,大连,2601,3444,44,47,18,0.3829787234042553,0.6170212765957447,0.012425531914893616,0.0,0.0,0.0425531914893617,30.82191780821918,0.3705531914893617,0.0,500
大连市,大连,3484,3444,33,142,23,0.1619718309859155,0.8380281690140845,0.009718309859154929,0.007042253521126761,0.0,0.028169014084507043,16.666666666666668,0.15225352112676058,0.0,500
大连市,大连,4152,3444,44,46,26,0.5652173913043478,0.43478260869565216,0.013608695652173913,0.0,0.0,0.043478260869565216,41.53354632587859,0.5516086956521739,0.0,500
天津,天津,3309,5788,84,213,49,0.2300469483568075,0.7699530516431925,0.014507042253521127,0.014084507042253521,0.004694835680751174,0.028169014084507043,15.857605177993527,0.21553990610328638,0.0,500
天津,天津,4090,5788,99,29,8,0.27586206896551724,0.7241379310344828,0.016551724137931035,0.0,0.0,0.06896551724137931,16.666666666666664,0.2593103448275862,0.0,500
天津,天津,4851,5788,99,31,15,0.4838709677419355,0.5161290322580645,0.017741935483870968,0.0,0.0,0.06451612903225806,27.272727272727273,0.4661290322580645,0.0,500
天津,天津,5469,5788,96,61,15,0.2459016393442623,0.7540983606557377,0.017803278688524594,0.01639344262295082,0.0,0.04918032786885246,13.812154696132593,0.2280983606557377,0.0,500
天津,天津,7099,5788,93,77,16,0.2077922077922078,0.7922077922077922,0.016883116883116885,0.012987012987012988,0.0,0.03896103896103896,12.307692307692307,0.19090909090909092,0.0,500
太原市,太原,1940,1417,50,98,29,0.29591836734693877,0.7040816326530612,0.03479591836734694,0.030612244897959183,0.01020408163265306,0.07142857142857142,8.504398826979472,0.2611224489795918,0.0,500
太原市,太原,3220,1417,53,61,21,0.3442622950819672,0.6557377049180327,0.0379344262295082,0.03278688524590164,0.0,0.08196721311475409,9.075194468452896,0.306327868852459,0.0,500
太原市,太原,4878,1417,52,53,11,0.20754716981132076,0.7924528301886793,0.03777358490566038,0.03773584905660377,0.0,0.07547169811320754,5.4945054945054945,0.16977358490566039,0.0,500
太原市,太原,6276,1417,54,25,5,0.2,0.8,0.037200000000000004,0.04,0.0,0.12,5.376344086021505,0.1628,0.002,500
威海市,威海,953,1925,2,20,1,0.05,0.95,0.0016,0.0,0.0,0.0,31.25,0.048400000000000006,0.032,500
孝感市,孝感,4729,1143,7,13,7,0.5384615384615384,0.46153846153846156,0.00476923076923077,0.0,0.0,0.07692307692307693,112.90322580645157,0.5336923076923077,0.0,500
孝感市,孝感,5240,1143,6,21,6,0.2857142857142857,0.7142857142857143,0.006285714285714285,0.0,0.0,0.047619047619047616,45.45454545454545,0.2794285714285714,0.0,500
宁德市,宁德,2147,457,4,5,2,0.4,0.6,0.01,0.0,0.0,0.009999999999990905,40.0,0.39,0.0,500
宁德市,宁德,5660,457,4,8,1,0.125,0.875,0.01025,0.0,0.0,0.125,12.195121951219512,0.11475,0.082,500
宁波市,宁波,222,2940,101,25,10,0.4,0.6,0.03632,0.04,0.0,0.12,11.013215859030838,0.36368,0.0,500
宁波市,宁波,686,2940,100,71,32,0.4507042253521127,0.5492957746478874,0.033070422535211266,0.028169014084507043,0.0,0.07042253521126761,13.628620102214652,0.41763380281690143,0.0,500
宁波市,宁波,3583,2940,100,53,20,0.37735849056603776,0.6226415094339622,0.03415094339622641,0.03773584905660377,0.0,0.07547169811320754,11.04972375690608,0.34320754716981133,0.0,500
宁波市,宁波,4214,2940,93,139,35,0.2517985611510791,0.7482014388489209,0.03166906474820144,0.02877697841726619,0.007194244604316547,0.05755395683453238,7.950931394820535,0.22012949640287768,0.0,500
宁波市,宁波,5830,2940,98,70,21,0.3,0.7,0.03477142857142857,0.02857142857142857,0.0,0.07142857142857142,8.627773212818406,0.2652285714285714,0.0,500
安庆市,安庆,1826,1030,14,21,6,0.2857142857142857,0.7142857142857143,0.014285714285714285,0.0,0.0,0.047619047619047616,20.0,0.2714285714285714,0.0,500
安庆市,安庆,2402,1030,14,21,5,0.23809523809523808,0.7619047619047619,0.014285714285714285,0.0,0.0,0.047619047619047616,16.666666666666668,0.2238095238095238,0.0,500
安阳市,安阳,1959,1588,25,63,13,0.20634920634920634,0.7936507936507936,0.016126984126984125,0.015873015873015872,0.0,0.047619047619047616,12.795275590551181,0.1902222222222222,0.0,500
安阳市,安阳,5560,1588,20,95,16,0.16842105263157894,0.8315789473684211,0.012315789473684212,0.010526315789473684,0.0,0.031578947368421054,13.675213675213673,0.15610526315789472,0.0,500
安顺市,安顺,4574,580,2,1,0,0.0,1.0,0.002,0.0,0.0,0.0,0.0,-0.002,1.0,500
宜宾市,宜宾,1776,636,5,6,0,0.0,1.0,0.007666666666666666,0.0,0.0,0.0,0.0,-0.007666666666666666,1.0,500
宜宾市,宜宾,4034,636,5,9,1,0.1111111111111111,0.8888888888888888,0.009333333333333332,0.0,0.0,0.1111111111111111,11.904761904761905,0.10177777777777777,0.082,500
宜昌市,宜昌,4047,1057,14,8,2,0.25,0.75,0.01725,0.0,0.0,0.125,14.492753623188404,0.23275,0.002,500
宜昌市,宜昌,4663,1057,11,43,9,0.20930232558139536,0.7906976744186046,0.010697674418604652,0.0,0.0,0.046511627906976744,19.565217391304348,0.19860465116279072,0.0,500
宜春市,宜春,3870,912,4,4,1,0.25,0.75,0.003,0.0,0.0,0.0,83.33333333333333,0.247,0.012,500
宝鸡市,宝鸡,1923,692,12,12,4,0.3333333333333333,0.6666666666666666,0.014833333333333332,0.0,0.0,0.08333333333333333,22.471910112359552,0.3185,0.0,500
宝鸡市,宝鸡,4958,692,12,13,4,0.3076923076923077,0.6923076923076923,0.018615384615384617,0.0,0.0,0.07692307692307693,16.52892561983471,0.2890769230769231,0.0,500
宝鸡市,宝鸡,5907,692,13,1,0,0.0,1.0,0.018,0.0,0.0,0.0,0.0,-0.018,1.0,500
宣城市,宣城,4713,622,5,6,1,0.16666666666666666,0.8333333333333334,0.009333333333333332,0.0,0.0,0.16666666666666666,17.857142857142858,0.15733333333333333,0.056,500
宣城市,宣城,5577,622,6,2,0,0.0,1.0,0.011,0.0,0.0,0.0,0.0,-0.011,1.0,500
岳阳市,岳阳,3718,746,7,7,4,0.5714285714285714,0.42857142857142855,0.012285714285714285,0.0,0.0,0.14285714285714285,46.51162790697674,0.5591428571428572,0.0,500
岳阳市,岳阳,4730,746,5,24,4,0.16666666666666666,0.8333333333333334,0.007666666666666666,0.0,0.0,0.041666666666666664,21.73913043478261,0.159,0.0,500
崇左市,崇左,3729,211,1,4,0,0.0,1.0,0.006,0.0,0.0,0.0,0.0,-0.006,1.0,500
巴中市,巴中,3834,193,3,4,0,0.0,1.0,0.0155,0.0,0.0,0.25,0.0,-0.0155,1.0,500
常州市,常州,1317,2107,8,17,0,0.0,1.0,0.003176470588235294,0.0,0.0,0.058823529411764705,0.0,-0.003176470588235294,1.0,500
常州市,常州,5581,2107,9,8,1,0.125,0.875,0.003,0.0,0.0,0.0,41.666666666666664,0.122,0.024,500
平顶山市,平顶山,4829,1548,4,5,0,0.0,1.0,0.0016,0.0,0.0,0.0,0.0,-0.0016,1.0,500
平顶山市,平顶山,5869,1548,4,6,0,0.0,1.0,0.0016666666666666666,0.0,0.0,0.0,0.0,-0.0016666666666666666,1.0,500
广元市,广元,1325,256,3,1,0,0.0,1.0,0.012,0.0,0.0,0.0,0.0,-0.012,1.0,500
广元市,广元,4613,256,2,4,1,0.25,0.75,0.008,0.0,0.0,0.0,31.25,0.242,0.03,500
广安市,广安,1081,556,2,3,0,0.0,1.0,0.006,0.0,0.0,0.0,0.0,-0.006,1.0,500
广安市,广安,4630,556,2,3,0,0.0,1.0,0.003333333333333333,0.0,0.0,0.0,0.0,-0.003333333333333333,1.0,500
广州市,广州,2237,2444,85,41,11,0.2682926829268293,0.7317073170731707,0.034,0.024390243902439025,0.0,0.07317073170731707,7.890961262553802,0.23429268292682928,0.0,500
广州市,广州,3028,2444,74,177,36,0.2033898305084746,0.7966101694915254,0.030451977401129943,0.02824858757062147,0.011299435028248588,0.05084745762711865,6.679035250463822,0.17293785310734464,0.0,500
广州市,广州,4503,2444,88,8,4,0.5,0.5,0.0375,0.0,0.0,0.125,13.333333333333334,0.4625,0.0,500
广州市,广州,4520,2444,79,100,16,0.16,0.84,0.030940000000000006,0.03,0.01,0.06,5.171299288946347,0.12906,0.0,500
广州市,广州,4563,2444,87,12,1,0.08333333333333333,0.9166666666666666,0.03666666666666667,0.0,0.0,0.16666666666666666,2.2727272727272725,0.04666666666666666,0.378,500
广州市,广州,5289,2444,87,24,10,0.4166666666666667,0.5833333333333334,0.03508333333333333,0.041666666666666664,0.0,0.125,11.876484560570074,0.3815833333333334,0.0,500
庆阳市,庆阳,5899,387,1,3,1,0.3333333333333333,0.6666666666666666,0.0026666666666666666,0.0,0.0,0.0,125.0,0.33066666666666666,0.008,500
廊坊市,廊坊,3313,3163,12,39,8,0.20512820512820512,0.7948717948717948,0.004564102564102564,0.0,0.0,0.02564102564102564,44.943820224719104,0.20056410256410256,0.0,500
廊坊市,廊坊,3371,3163,15,9,2,0.2222222222222222,0.7777777777777778,0.0037777777777777775,0.0,0.0,0.0,58.82352941176471,0.21844444444444444,0.002,500
延安市,延安,5908,407,1,4,0,0.0,1.0,0.004,0.0,0.0,0.0,0.0,-0.004,1.0,500
开封市,开封,4830,1218,20,1,0,0.0,1.0,0.026,0.0,0.0,0.0,0.0,-0.026,1.0,500
开封市,开封,4896,1218,19,33,11,0.3333333333333333,0.6666666666666666,0.015515151515151515,0.0,0.0,0.06060606060606061,21.484375,0.3178181818181818,0.0,500
张家界市,张家界,4722,234,0,5,0,0.0,1.0,0.0,0.0,0.0,0.0,,0.0,1.0,500
徐州市,徐州,4058,3471,19,15,4,0.26666666666666666,0.7333333333333333,0.005600000000000001,0.0,0.0,0.06666666666666667,47.61904761904761,0.26106666666666667,0.0,500
徐州市,徐州,4582,3471,19,12,1,0.08333333333333333,0.9166666666666666,0.005333333333333333,0.0,0.0,0.08333333333333333,15.625,0.078,0.062,500
德州市,德州,2117,3193,11,12,3,0.25,0.75,0.0045,0.0,0.0,0.08333333333333333,55.55555555555556,0.2455,0.0,500
德州市,德州,6260,3193,11,5,1,0.2,0.8,0.0036,0.0,0.0,0.0,55.55555555555556,0.19640000000000002,0.018,500
德阳市,德阳,3203,640,17,64,12,0.1875,0.8125,0.02578125,0.015625,0.0,0.0625,7.272727272727273,0.16171875,0.0,500
德阳市,德阳,4084,640,23,9,7,0.7777777777777778,0.2222222222222222,0.03266666666666666,0.0,0.0,0.1111111111111111,23.809523809523814,0.7451111111111112,0.0,500
德阳市,德阳,4921,640,20,21,4,0.19047619047619047,0.8095238095238095,0.03095238095238095,0.0,0.0,0.09523809523809523,6.153846153846154,0.1595238095238095,0.002,500
怀化市,怀化,2390,691,5,18,0,0.0,1.0,0.008555555555555556,0.0,0.0,0.05555555555555555,0.0,-0.008555555555555556,1.0,500
怀化市,怀化,4645,691,7,4,1,0.25,0.75,0.0095,0.0,0.0,0.0,26.315789473684212,0.2405,0.038,500
恩施土家族苗族自治州,恩施土家族苗族,4800,422,0,14,0,0.0,1.0,0.0,0.0,0.0,0.0,,0.0,1.0,500
惠州市,惠州,753,1477,24,24,6,0.25,0.75,0.017166666666666663,0.0,0.0,0.08333333333333333,14.563106796116507,0.23283333333333334,0.0,500
惠州市,惠州,3522,1477,22,31,4,0.12903225806451613,0.8709677419354839,0.014709677419354836,0.0,0.0,0.06451612903225806,8.771929824561404,0.11432258064516129,0.002,500
惠州市,惠州,6018,1477,22,36,6,0.16666666666666666,0.8333333333333334,0.014277777777777778,0.0,0.0,0.05555555555555555,11.673151750972762,0.15238888888888888,0.0,500
成都市,成都,1891,2822,116,6,0,0.0,1.0,0.04066666666666666,0.0,0.0,0.16666666666666666,0.0,-0.04066666666666666,1.0,500
成都市,成都,3215,2822,93,237,44,0.18565400843881857,0.8143459915611815,0.0329704641350211,0.03375527426160337,0.016877637130801686,0.05063291139240506,5.630918863578192,0.15268354430379746,0.0,500
成都市,成都,4036,2822,113,66,26,0.3939393939393939,0.6060606060606061,0.039939393939393934,0.045454545454545456,0.0,0.09090909090909091,9.863429438543248,0.354,0.0,500
成都市,成都,4922,2822,103,157,39,0.2484076433121019,0.7515923566878981,0.036369426751592354,0.03821656050955414,0.012738853503184714,0.06369426751592357,6.830122591943958,0.21203821656050956,0.0,500
成都市,成都,4968,2822,102,199,53,0.2663316582914573,0.7336683417085427,0.03620100502512563,0.035175879396984924,0.01507537688442211,0.05552763819095455,7.357023875624652,0.23013065326633164,0.0,500
扬州市,扬州,4677,1890,14,9,2,0.2222222222222222,0.7777777777777778,0.007333333333333333,0.0,0.0,0.1111111111111111,30.3030303030303,0.21488888888888888,0.0,500
扬州市,扬州,5623,1890,14,8,2,0.25,0.75,0.00675,0.0,0.0,0.125,37.03703703703704,0.24325,0.0,500
抚州市,抚州,3949,513,4,8,2,0.25,0.75,0.0055,0.0,0.0,0.0,45.45454545454546,0.2445,0.0,500
揭阳市,揭阳,3523,880,2,16,1,0.0625,0.9375,0.001875,0.0,0.0,0.0,33.333333333333336,0.060625,0.03,500
新乡市,新乡,1872,1844,47,63,22,0.3492063492063492,0.6507936507936508,0.025301587301587297,0.015873015873015872,0.0,0.06349206349206349,13.801756587202009,0.3239047619047619,0.0,500
新乡市,新乡,4865,1844,49,25,11,0.44,0.56,0.02792,0.0,0.0,0.08,15.759312320916905,0.41208,0.0,500
新乡市,新乡,5561,1844,20,216,17,0.0787037037037037,0.9212962962962963,0.010898148148148146,0.009259259259259259,0.0,0.023148148148148147,7.2217502124044195,0.06780555555555556,0.0,500
无锡市,无锡,1262,2795,30,14,2,0.14285714285714285,0.8571428571428571,0.010714285714285714,0.0,0.0,0.07142857142857142,13.333333333333332,0.13214285714285715,0.008,500
无锡市,无锡,2791,2795,32,9,3,0.3333333333333333,0.6666666666666666,0.012222222222222221,0.0,0.0,0.1111111111111111,27.272727272727273,0.32111111111111107,0.0,500
无锡市,无锡,4783,2795,29,32,3,0.09375,0.90625,0.0093125,0.0,0.0,0.03125,10.067114093959733,0.0844375,0.002,500
昆明市,昆明,859,1776,60,23,13,0.5652173913043478,0.43478260869565216,0.033130434782608686,0.043478260869565216,0.0,0.08695652173913043,17.060367454068246,0.5320869565217391,0.0,500
昆明市,昆明,2516,1776,55,118,30,0.2542372881355932,0.7457627118644068,0.029966101694915252,0.025423728813559324,0.00847457627118644,0.059322033898305086,8.484162895927602,0.22427118644067795,0.0,500
昆明市,昆明,3347,1776,60,2,0,0.0,1.0,0.031,0.0,0.0,0.5,0.0,-0.031,1.0,500
昆明市,昆明,4022,1776,59,87,37,0.42528735632183906,0.5747126436781609,0.03333333333333333,0.034482758620689655,0.011494252873563218,0.06896551724137931,12.758620689655173,0.39195402298850573,0.0,500
昆明市,昆明,4686,1776,59,70,26,0.37142857142857144,0.6285714285714286,0.03308571428571429,0.02857142857142857,0.0,0.07142857142857142,11.226252158894646,0.33834285714285717,0.0,500
昆明市,昆明,5408,1776,58,75,31,0.41333333333333333,0.5866666666666667,0.03258666666666667,0.02666666666666667,0.0,0.06666666666666667,12.684124386252046,0.3807466666666667,0.0,500
昆明市,昆明,7141,1776,59,66,30,0.45454545454545453,0.5454545454545454,0.03445454545454545,0.030303030303030304,0.0,0.07575757575757576,13.192612137203167,0.42009090909090907,0.0,500
晋城市,晋城,5470,785,3,13,1,0.07692307692307693,0.9230769230769231,0.003538461538461539,0.0,0.0,0.0,21.739130434782606,0.07338461538461538,0.046,500
景德镇市,景德镇,1724,297,14,39,11,0.28205128205128205,0.717948717948718,0.046205128205128204,0.05128205128205128,0.0,0.10256410256410256,6.1043285238623755,0.23584615384615384,0.0,500
景德镇市,景德镇,3995,297,15,10,7,0.7,0.3,0.0506,0.0,0.0,0.2,13.83399209486166,0.6494,0.0,500
景德镇市,景德镇,4725,297,14,30,10,0.3333333333333333,0.6666666666666666,0.04413333333333333,0.03333333333333333,0.0,0.1,7.552870090634441,0.2892,0.0,500
杭州市,杭州,456,2727,70,21,6,0.2857142857142857,0.7142857142857143,0.02514285714285714,0.0,0.0,0.09523809523809523,11.363636363636363,0.26057142857142856,0.0,500
杭州市,杭州,1648,2727,70,8,2,0.25,0.75,0.0265,0.0,0.0,0.125,9.433962264150944,0.2235,0.014,500
杭州市,杭州,3853,2727,70,5,1,0.2,0.8,0.024,0.0,0.0,0.2,8.333333333333334,0.17600000000000002,0.114,500
杭州市,杭州,4720,2727,68,20,3,0.15,0.85,0.027,0.0,0.0,0.1,5.555555555555555,0.123,0.024,500
杭州市,杭州,5640,2727,66,61,7,0.11475409836065574,0.8852459016393442,0.024852459016393443,0.01639344262295082,0.0,0.06557377049180328,4.617414248021109,0.08990163934426229,0.004,500
杭州市,杭州,5700,2727,69,28,10,0.35714285714285715,0.6428571428571429,0.025571428571428568,0.03571428571428571,0.0,0.07142857142857142,13.966480446927376,0.3315714285714286,0.0,500
杭州市,杭州,5788,2727,68,30,7,0.23333333333333334,0.7666666666666667,0.026733333333333335,0.03333333333333333,0.0,0.06666666666666667,8.728179551122194,0.2066,0.0,500
枣庄市,枣庄,2446,1249,16,4,2,0.5,0.5,0.018,0.0,0.0,0.25,27.77777777777778,0.482,0.0,500
枣庄市,枣庄,4185,1249,16,13,6,0.46153846153846156,0.5384615384615384,0.011076923076923076,0.0,0.0,0.07692307692307693,41.66666666666667,0.45046153846153847,0.0,500
柳州市,柳州,429,571,13,1,1,1.0,0.0,0.018,0.0,0.0,0.0,55.55555555555556,0.982,0.018,500
柳州市,柳州,1698,571,8,37,3,0.08108108108108109,0.918918918918919,0.014108108108108109,0.0,0.0,0.05405405405405406,5.747126436781609,0.06697297297297297,0.008,500
柳州市,柳州,2414,571,13,5,3,0.6,0.4,0.026400000000000003,0.0,0.0,0.2,22.727272727272723,0.5736,0.0,500
株洲市,株洲,1713,458,14,35,7,0.2,0.8,0.029714285714285714,0.02857142857142857,0.0,0.08571428571428572,6.730769230769231,0.1702857142857143,0.0,500
株洲市,株洲,4744,458,16,8,1,0.125,0.875,0.031,0.0,0.0,0.125,4.032258064516129,0.094,0.214,500
株洲市,株洲,5207,458,17,15,5,0.3333333333333333,0.6666666666666666,0.04253333333333333,0.0,0.0,0.13333333333333333,7.836990595611285,0.2908,0.0,500
桂林市,桂林,1169,772,21,12,3,0.25,0.75,0.025166666666666664,0.0,0.0,0.08333333333333333,9.933774834437088,0.22483333333333333,0.0,500
桂林市,桂林,2415,772,21,22,9,0.4090909090909091,0.5909090909090909,0.02763636363636364,0.0,0.0,0.09090909090909091,14.802631578947368,0.3814545454545455,0.0,500
桂林市,桂林,3991,772,19,49,11,0.22448979591836735,0.7755102040816326,0.022489795918367347,0.02040816326530612,0.0,0.061224489795918366,9.98185117967332,0.202,0.0,500
梅州市,梅州,1533,389,1,3,0,0.0,1.0,0.003333333333333333,0.0,0.0,0.0,0.0,-0.003333333333333333,1.0,500
梅州市,梅州,7273,389,1,3,0,0.0,1.0,0.0026666666666666666,0.0,0.0,0.0,0.0,-0.0026666666666666666,1.0,500
梧州市,梧州,4559,245,0,4,0,0.0,1.0,0.0,0.0,0.0,0.0,,0.0,1.0,500
榆林市,榆林,2093,1621,10,12,0,0.0,1.0,0.006,0.0,0.0,0.08333333333333333,0.0,-0.006,1.0,500
榆林市,榆林,2537,1621,10,15,1,0.06666666666666667,0.9333333333333333,0.004,0.0,0.0,0.06666666666666667,16.666666666666668,0.06266666666666666,0.054,500
武汉市,武汉,582,2350,83,1,0,0.0,1.0,0.024,0.0,0.0,0.0,0.0,-0.024,1.0,500
武汉市,武汉,2959,2350,82,22,12,0.5454545454545454,0.45454545454545453,0.03345454545454545,0.045454545454545456,0.0,0.09090909090909091,16.304347826086957,0.512,0.0,500
武汉市,武汉,3856,2350,75,103,24,0.23300970873786409,0.7669902912621359,0.033067961165048544,0.02912621359223301,0.009708737864077669,0.05825242718446602,7.046388725778039,0.19994174757281555,0.0,500
武汉市,武汉,4706,2350,76,102,29,0.28431372549019607,0.7156862745098039,0.03192156862745098,0.029411764705882353,0.00980392156862745,0.058823529411764705,8.906633906633907,0.2523921568627451,0.0,500
武汉市,武汉,5226,2350,81,52,20,0.38461538461538464,0.6153846153846154,0.034076923076923074,0.038461538461538464,0.0,0.07692307692307693,11.286681715575622,0.3505384615384616,0.0,500
永州市,永州,2407,1128,1,11,0,0.0,1.0,0.0010909090909090907,0.0,0.0,0.0,0.0,-0.0010909090909090907,1.0,500
汕头市,汕头,643,868,26,21,4,0.19047619047619047,0.8095238095238095,0.029904761904761906,0.0,0.0,0.09523809523809523,6.369426751592356,0.16057142857142856,0.004,500
汕头市,汕头,801,868,27,15,4,0.26666666666666666,0.7333333333333333,0.0296,0.0,0.0,0.13333333333333333,9.00900900900901,0.23706666666666665,0.0,500
汕头市,汕头,3529,868,15,94,7,0.07446808510638298,0.925531914893617,0.01702127659574468,0.010638297872340425,0.0,0.0425531914893617,4.375,0.0574468085106383,0.0,500
江门市,江门,3030,912,9,16,0,0.0,1.0,0.007375,0.0,0.0,0.0625,0.0,-0.007375,1.0,500
江门市,江门,4118,912,10,13,4,0.3076923076923077,0.6923076923076923,0.010923076923076923,0.0,0.0,0.07692307692307693,28.169014084507044,0.2967692307692308,0.0,500
池州市,池州,1828,369,3,11,0,0.0,1.0,0.00909090909090909,0.0,0.0,0.09090909090909091,0.0,-0.00909090909090909,1.0,500
池州市,池州,4714,369,4,8,1,0.125,0.875,0.0125,0.0,0.0,0.125,10.0,0.1125,0.098,500
池州市,池州,5430,369,4,6,0,0.0,1.0,0.013666666666666666,0.0,0.0,0.16666666666666666,0.0,-0.013666666666666666,1.0,500
沧州市,沧州,4098,5396,7,8,2,0.25,0.75,0.00175,0.0,0.0,0.0,142.85714285714286,0.24825,0.0,500
沧州市,沧州,4939,5396,7,1,1,1.0,0.0,0.002,0.0,0.0,0.0,500.0,0.998,0.002,500
河源市,河源,1195,396,4,13,2,0.15384615384615385,0.8461538461538461,0.007846153846153846,0.0,0.0,0.07692307692307693,19.607843137254903,0.14600000000000002,0.004,500
泉州市,泉州,2139,2131,34,26,5,0.19230769230769232,0.8076923076923077,0.01746153846153846,0.0,0.0,0.07692307692307693,11.01321585903084,0.17484615384615387,0.0,500
泉州市,泉州,2308,2131,35,5,0,0.0,1.0,0.016399999999999998,0.0,0.0,0.2,0.0,-0.016399999999999998,1.0,500
泉州市,泉州,4048,2131,35,6,0,0.0,1.0,0.012666666666666666,0.0,0.0,0.16666666666666666,0.0,-0.012666666666666666,1.0,500
泉州市,泉州,7094,2131,32,29,3,0.10344827586206896,0.896551724137931,0.015655172413793106,0.0,0.0,0.06896551724137931,6.607929515418501,0.08779310344827586,0.004,500
泰安市,泰安,2103,1818,9,9,1,0.1111111111111111,0.8888888888888888,0.0031111111111111114,0.0,0.0,0.0,35.71428571428571,0.108,0.028,500
泰安市,泰安,3470,1818,8,13,1,0.07692307692307693,0.9230769230769231,0.005692307692307693,0.0,0.0,0.07692307692307693,13.513513513513514,0.07123076923076924,0.072,500
泸州市,泸州,1720,1186,2,3,1,0.3333333333333333,0.6666666666666666,0.0026666666666666666,0.0,0.0,0.0,125.0,0.33066666666666666,0.008,500
洛阳市,洛阳,5799,1568,26,26,3,0.11538461538461539,0.8846153846153846,0.016384615384615386,0.0,0.0,0.07692307692307693,7.04225352112676,0.099,0.004,500
洛阳市,洛阳,6477,1568,29,4,2,0.5,0.5,0.0235,0.0,0.0,0.25,21.27659574468085,0.4765,0.002,500
洛阳市,洛阳,6506,1568,22,62,13,0.20967741935483872,0.7903225806451613,0.013741935483870966,0.016129032258064516,0.0,0.03225806451612903,15.258215962441318,0.19593548387096776,0.0,500
济南市,济南,1449,3449,56,8,6,0.75,0.25,0.0195,0.0,0.0,0.125,38.46153846153846,0.7305,0.0,500
济南市,济南,1932,3449,55,21,9,0.42857142857142855,0.5714285714285714,0.015333333333333332,0.0,0.0,0.047619047619047616,27.950310559006212,0.41323809523809524,0.0,500
济南市,济南,2038,3449,55,19,5,0.2631578947368421,0.7368421052631579,0.016315789473684214,0.0,0.0,0.05263157894736842,16.129032258064512,0.24684210526315786,0.0,500
济南市,济南,2099,3449,56,18,7,0.3888888888888889,0.6111111111111112,0.015222222222222222,0.0,0.0,0.05555555555555555,25.547445255474454,0.37366666666666665,0.0,500
济南市,济南,2112,3449,55,15,6,0.4,0.6,0.014666666666666668,0.0,0.0,0.06666666666666667,27.27272727272727,0.38533333333333336,0.0,500
济南市,济南,4948,3449,55,23,3,0.13043478260869565,0.8695652173913043,0.015652173913043476,0.0,0.0,0.08695652173913043,8.333333333333334,0.11478260869565217,0.01,500
济南市,济南,6659,3449,56,11,6,0.5454545454545454,0.45454545454545453,0.01509090909090909,0.0,0.0,0.09090909090909091,36.14457831325301,0.5303636363636364,0.0,500
济宁市,济宁,4200,2671,20,5,1,0.2,0.8,0.007199999999999999,0.0,0.0,0.0,27.777777777777782,0.1928,0.036,500
济宁市,济宁,4821,2671,19,19,6,0.3157894736842105,0.6842105263157895,0.0070526315789473685,0.0,0.0,0.05263157894736842,44.776119402985074,0.30873684210526314,0.0,500
济宁市,济宁,4891,2671,18,33,9,0.2727272727272727,0.7272727272727273,0.006484848484848485,0.0,0.0,0.030303030303030304,42.05607476635514,0.2662424242424242,0.0,500
海口市,海口,929,319,28,28,12,0.42857142857142855,0.5714285714285714,0.0877142857142857,0.07142857142857142,0.0,0.17857142857142858,4.88599348534202,0.34085714285714286,0.0,500
海口市,海口,1097,319,29,34,13,0.38235294117647056,0.6176470588235294,0.08611764705882352,0.08823529411764706,0.029411764705882353,0.14852941176470455,4.439890710382514,0.29623529411764704,0.0,500
海口市,海口,1562,319,29,29,14,0.4827586206896552,0.5172413793103449,0.09179310344827586,0.10344827586206896,0.034482758620689655,0.1724137931034483,5.259203606311044,0.39096551724137935,0.0,500
海口市,海口,2109,319,28,32,16,0.5,0.5,0.0863125,0.09375,0.0,0.15625,5.792903692976104,0.4136875,0.0,500
海口市,海口,3015,319,28,34,14,0.4117647058823529,0.5882352941176471,0.08782352941176472,0.08823529411764706,0.029411764705882353,0.17647058823529413,4.688546550569323,0.3239411764705882,0.0,500
海口市,海口,3633,319,29,24,15,0.625,0.375,0.08766666666666667,0.08333333333333333,0.0,0.20833333333333334,7.1292775665399235,0.5373333333333333,0.0,500
海口市,海口,4126,319,29,38,17,0.4473684210526316,0.5526315789473685,0.09342105263157893,0.07894736842105263,0.02631578947368421,0.15789473684210525,4.788732394366198,0.3539473684210527,0.0,500
淮北市,淮北,4057,718,12,11,5,0.45454545454545453,0.5454545454545454,0.016727272727272726,0.0,0.0,0.09090909090909091,27.17391304347826,0.43781818181818183,0.0,500
淮北市,淮北,6461,718,11,16,6,0.375,0.625,0.01325,0.0,0.0,0.0625,28.30188679245283,0.36175,0.0,500
淮南市,淮南,5514,976,5,9,0,0.0,1.0,0.0035555555555555553,0.0,0.0,0.0,0.0,-0.0035555555555555553,1.0,500
深圳市,深圳,664,1108,75,35,9,0.2571428571428571,0.7428571428571429,0.06691428571428573,0.05714285714285714,0.0,0.14285714285714285,3.8428693424423557,0.19022857142857139,0.0,500
深圳市,深圳,751,1108,73,53,12,0.22641509433962265,0.7735849056603774,0.06724528301886792,0.05660377358490566,0.018867924528301886,0.1320754716981132,3.367003367003367,0.15916981132075472,0.002,500
深圳市,深圳,759,1108,76,18,3,0.16666666666666666,0.8333333333333334,0.06711111111111111,0.05555555555555555,0.0,0.16666666666666666,2.4834437086092715,0.09955555555555555,0.112,500
深圳市,深圳,1196,1108,76,28,9,0.32142857142857145,0.6785714285714286,0.06792857142857142,0.07142857142857142,0.0,0.14285714285714285,4.731861198738171,0.25350000000000006,0.0,500
深圳市,深圳,1210,1108,76,24,7,0.2916666666666667,0.7083333333333334,0.06933333333333333,0.08333333333333333,0.0,0.16666666666666666,4.20673076923077,0.22233333333333336,0.0,500
深圳市,深圳,5369,1108,76,7,2,0.2857142857142857,0.7142857142857143,0.06457142857142856,0.0,0.0,0.2857142857142857,4.424778761061948,0.22114285714285714,0.07,500
深圳市,深圳,5930,1108,77,5,1,0.2,0.8,0.072,0.0,0.0,0.2,2.777777777777778,0.128,0.312,500
清远市,清远,772,576,5,4,1,0.25,0.75,0.0075,0.0,0.0,0.0,33.333333333333336,0.2425,0.028,500
清远市,清远,3031,576,3,12,1,0.08333333333333333,0.9166666666666666,0.006666666666666666,0.0,0.0,0.08333333333333333,12.5,0.07666666666666666,0.08,500
清远市,清远,4557,576,4,9,1,0.1111111111111111,0.8888888888888888,0.0077777777777777776,0.0,0.0,0.1111111111111111,14.285714285714285,0.10333333333333333,0.068,500
温州市,温州,684,1748,32,11,2,0.18181818181818182,0.8181818181818182,0.017090909090909094,0.0,0.0,0.09090909090909091,10.638297872340424,0.16472727272727272,0.01,500
温州市,温州,846,1748,33,2,0,0.0,1.0,0.012,0.0,0.0,0.0,0.0,-0.012,1.0,500
温州市,温州,4216,1748,31,19,4,0.21052631578947367,0.7894736842105263,0.01726315789473684,0.0,0.0,0.05263157894736842,12.195121951219512,0.19326315789473683,0.0,500
温州市,温州,5713,1748,29,31,4,0.12903225806451613,0.8709677419354839,0.016709677419354838,0.0,0.0,0.06451612903225806,7.722007722007722,0.11232258064516129,0.0,500
渭南市,渭南,6971,1179,9,8,3,0.375,0.625,0.00725,0.0,0.0,0.125,51.72413793103448,0.36775,0.0,500
渭南市,渭南,7096,1179,9,11,5,0.45454545454545453,0.5454545454545454,0.005454545454545455,0.0,0.0,0.09090909090909091,83.33333333333333,0.4490909090909091,0.0,500
湖州市,湖州,1728,1793,8,4,0,0.0,1.0,0.004,0.0,0.0,0.0,0.0,-0.004,1.0,500
湖州市,湖州,5585,1793,7,6,0,0.0,1.0,0.003,0.0,0.0,0.0,0.0,-0.003,1.0,500
湛江市,湛江,3013,729,4,6,0,0.0,1.0,0.005,0.0,0.0,0.0,0.0,-0.005,1.0,500
滁州市,滁州,4803,1555,3,3,0,0.0,1.0,0.0026666666666666666,0.0,0.0,0.0,0.0,-0.0026666666666666666,1.0,500
滨州市,滨州,5482,2115,14,16,3,0.1875,0.8125,0.006375,0.0,0.0,0.0625,29.411764705882355,0.181125,0.0,500
滨州市,滨州,5893,2115,15,6,0,0.0,1.0,0.009,0.0,0.0,0.16666666666666666,0.0,-0.009,1.0,500
漯河市,漯河,2701,658,5,23,0,0.0,1.0,0.008347826086956523,0.0,0.0,0.043478260869565216,0.0,-0.008347826086956523,1.0,500
漳州市,漳州,566,1162,4,5,0,0.0,1.0,0.0036000000000000003,0.0,0.0,0.0,0.0,-0.0036000000000000003,1.0,500
漳州市,漳州,2252,1162,4,8,0,0.0,1.0,0.00525,0.0,0.0,0.0,0.0,-0.00525,1.0,500
潍坊市,潍坊,3480,4664,25,40,10,0.25,0.75,0.00595,0.0,0.0,0.025,42.016806722689076,0.24405,0.0,500
潍坊市,潍坊,5791,4664,28,11,5,0.45454545454545453,0.5454545454545454,0.005454545454545454,0.0,0.0,0.09090909090909091,83.33333333333334,0.4490909090909091,0.0,500
濮阳市,濮阳,3094,1172,11,7,2,0.2857142857142857,0.7142857142857143,0.008285714285714285,0.0,0.0,0.14285714285714285,34.48275862068966,0.2774285714285714,0.004,500
濮阳市,濮阳,5351,1172,10,24,5,0.20833333333333334,0.7916666666666666,0.007416666666666666,0.0,0.0,0.041666666666666664,28.08988764044944,0.2009166666666667,0.0,500
焦作市,焦作,1965,1222,13,8,2,0.25,0.75,0.01075,0.0,0.0,0.125,23.255813953488374,0.23925,0.0,500
焦作市,焦作,5486,1222,13,2,0,0.0,1.0,0.007,0.0,0.0,0.0,0.0,-0.007,1.0,500
玉林市,玉林,2417,415,5,18,2,0.1111111111111111,0.8888888888888888,0.013333333333333334,0.0,0.0,0.05555555555555555,8.333333333333332,0.09777777777777777,0.03,500
玉林市,玉林,5653,415,7,2,0,0.0,1.0,0.012,0.0,0.0,0.0,0.0,-0.012,1.0,500
珠海市,珠海,745,401,29,8,2,0.25,0.75,0.072,0.0,0.0,0.25,3.4722222222222223,0.178,0.11,500
珠海市,珠海,3550,401,29,7,2,0.2857142857142857,0.7142857142857143,0.0757142857142857,0.0,0.0,0.2857142857142857,3.7735849056603774,0.21,0.096,500
珠海市,珠海,5309,401,28,43,16,0.37209302325581395,0.627906976744186,0.06855813953488372,0.06976744186046512,0.023255813953488372,0.13953488372093023,5.427408412483039,0.30353488372093024,0.0,500
珠海市,珠海,5936,401,28,30,13,0.43333333333333335,0.5666666666666667,0.07033333333333332,0.06666666666666667,0.0,0.16666666666666666,6.161137440758296,0.36300000000000004,0.0,500
珠海市,珠海,6033,401,24,59,8,0.13559322033898305,0.864406779661017,0.05911864406779661,0.05084745762711865,0.01694915254237288,0.1016949152542373,2.293577981651376,0.07647457627118645,0.014,500
盐城市,盐城,1494,3376,0,11,0,0.0,1.0,0.0,0.0,0.0,0.0,,0.0,1.0,500
眉山市,眉山,4924,547,3,30,3,0.1,0.9,0.004933333333333334,0.0,0.0,0.03333333333333333,20.27027027027027,0.09506666666666667,0.0,500
眉山市,眉山,5054,547,7,8,2,0.25,0.75,0.01325,0.0,0.0,0.125,18.867924528301888,0.23675,0.002,500
石家庄市,石家庄,1951,3912,64,112,35,0.3125,0.6875,0.01596428571428571,0.017857142857142856,0.0,0.03571428571428571,19.574944071588373,0.2965357142857143,0.0,500
石家庄市,石家庄,2521,3912,69,61,25,0.4098360655737705,0.5901639344262295,0.018721311475409837,0.01639344262295082,0.0,0.04918032786885246,21.89141856392294,0.39111475409836066,0.0,500
石家庄市,石家庄,3388,3912,67,82,35,0.4268292682926829,0.573170731707317,0.01631707317073171,0.012195121951219513,0.0,0.037195121951218955,26.158445440956644,0.4105121951219512,0.0,500
石家庄市,石家庄,4099,3912,70,15,8,0.5333333333333333,0.4666666666666667,0.018400000000000003,0.0,0.0,0.06666666666666667,28.985507246376805,0.5149333333333334,0.0,500
石家庄市,石家庄,5474,3912,68,30,9,0.3,0.7,0.017799999999999996,0.0,0.0,0.06666666666666667,16.853932584269664,0.2822,0.0,500
石家庄市,石家庄,7147,3912,69,35,11,0.3142857142857143,0.6857142857142857,0.018,0.0,0.0,0.05714285714285714,17.460317460317462,0.29628571428571426,0.0,500
福州市,福州,390,1639,54,7,5,0.7142857142857143,0.2857142857142857,0.03114285714285714,0.0,0.0,0.14285714285714285,22.935779816513765,0.6831428571428572,0.0,500
福州市,福州,1478,1639,52,44,25,0.5681818181818182,0.4318181818181818,0.029999999999999995,0.022727272727272728,0.0,0.06818181818181818,18.939393939393945,0.5381818181818182,0.0,500
福州市,福州,2193,1639,54,12,3,0.25,0.75,0.035166666666666666,0.0,0.0,0.16666666666666666,7.109004739336493,0.21483333333333332,0.002,500
福州市,福州,7121,1639,53,49,21,0.42857142857142855,0.5714285714285714,0.03142857142857143,0.02040816326530612,0.0,0.08163265306122448,13.636363636363635,0.39714285714285713,0.0,500
福州市,福州,7269,1639,45,130,32,0.24615384615384617,0.7538461538461538,0.027646153846153845,0.023076923076923078,0.007692307692307693,0.05384615384615385,8.903728436282695,0.21850769230769232,0.0,500
秦皇岛市,秦皇岛,5022,1507,13,14,7,0.5,0.5,0.008428571428571428,0.0,0.0,0.07142857142857142,59.322033898305094,0.49157142857142855,0.0,500
秦皇岛市,秦皇岛,5485,1507,12,17,5,0.29411764705882354,0.7058823529411765,0.008823529411764704,0.0,0.0,0.058823529411764705,33.33333333333334,0.2852941176470588,0.0,500
秦皇岛市,秦皇岛,7189,1507,13,5,5,1.0,0.0,0.0052,0.0,0.0,0.0,192.30769230769232,0.9948,0.0,500
绍兴市,绍兴,4218,1506,10,1,0,0.0,1.0,0.004,0.0,0.0,0.0,0.0,-0.004,1.0,500
绵阳市,绵阳,3216,716,23,59,18,0.3050847457627119,0.6949152542372882,0.030610169491525424,0.03389830508474576,0.0,0.06779661016949153,9.966777408637874,0.27447457627118643,0.0,500
绵阳市,绵阳,4086,716,26,4,2,0.5,0.5,0.031,0.0,0.0,0.25,16.129032258064516,0.469,0.008,500
绵阳市,绵阳,4925,716,26,12,8,0.6666666666666666,0.3333333333333333,0.03883333333333333,0.0,0.0,0.16666666666666666,17.167381974248926,0.6278333333333332,0.0,500
绵阳市,绵阳,4960,716,25,51,19,0.37254901960784315,0.6274509803921569,0.03466666666666667,0.0392156862745098,0.0,0.0784313725490196,10.746606334841628,0.33788235294117647,0.0,500
绵阳市,绵阳,5499,716,25,13,1,0.07692307692307693,0.9230769230769231,0.035846153846153854,0.0,0.0,0.15384615384615385,2.1459227467811157,0.04107692307692307,0.386,500
聊城市,聊城,4236,2951,5,8,0,0.0,1.0,0.00075,0.0,0.0,0.0,0.0,-0.00075,1.0,500
聊城市,聊城,4961,2951,5,9,2,0.2222222222222222,0.7777777777777778,0.0006666666666666666,0.0,0.0,0.0,333.3333333333333,0.22155555555555553,0.0,500
自贡市,自贡,4038,397,6,6,1,0.16666666666666666,0.8333333333333334,0.014,0.0,0.0,0.16666666666666666,11.904761904761903,0.15266666666666664,0.082,500
自贡市,自贡,4087,397,7,4,1,0.25,0.75,0.014,0.0,0.0,0.25,17.857142857142858,0.236,0.056,500
自贡市,自贡,4182,397,7,9,1,0.1111111111111111,0.8888888888888888,0.016666666666666663,0.0,0.0,0.1111111111111111,6.666666666666668,0.09444444444444444,0.14,500
舟山市,舟山,4219,388,12,20,7,0.35,0.65,0.0287,0.0,0.0,0.1,12.195121951219512,0.3213,0.0,500
舟山市,舟山,4424,388,11,31,8,0.25806451612903225,0.7419354838709677,0.030258064516129033,0.03225806451612903,0.0,0.0967741935483871,8.528784648187633,0.22780645161290322,0.0,500
芜湖市,芜湖,876,958,17,5,0,0.0,1.0,0.018,0.0,0.0,0.2,0.0,-0.018,1.0,500
芜湖市,芜湖,4735,958,14,27,4,0.14814814814814814,0.8518518518518519,0.01437037037037037,0.0,0.0,0.07407407407407407,10.309278350515463,0.13377777777777777,0.0,500
苏州市,苏州,3581,4758,14,26,2,0.07692307692307693,0.9230769230769231,0.0036923076923076927,0.0,0.0,0.038461538461538464,20.833333333333332,0.07323076923076924,0.0,500
苏州市,苏州,4718,4758,14,24,2,0.08333333333333333,0.9166666666666666,0.00225,0.0,0.0,0.041666666666666664,37.03703703703704,0.08108333333333333,0.0,500
茂名市,茂名,619,480,4,4,0,0.0,1.0,0.0065,0.0,0.0,0.0,0.0,-0.0065,1.0,500
荆州市,荆州,4707,1631,2,38,2,0.05263157894736842,0.9473684210526315,0.0012631578947368421,0.0,0.0,0.0,41.666666666666664,0.05136842105263158,0.0,500
荆门市,荆门,4664,638,4,6,0,0.0,1.0,0.006333333333333333,0.0,0.0,0.0,0.0,-0.006333333333333333,1.0,500
莆田市,莆田,4568,733,7,8,1,0.125,0.875,0.01225,0.0,0.0,0.125,10.204081632653061,0.11275,0.092,500
萍乡市,萍乡,775,252,7,15,6,0.4,0.6,0.027066666666666662,0.0,0.0,0.06666666666666667,14.778325123152712,0.37293333333333334,0.0,500
萍乡市,萍乡,1215,252,8,1,0,0.0,1.0,0.03,0.0,0.0,0.0,0.0,-0.03,1.0,500
蚌埠市,蚌埠,3115,1354,8,18,6,0.3333333333333333,0.6666666666666666,0.0064444444444444445,0.0,0.0,0.05555555555555555,51.72413793103448,0.3268888888888889,0.0,500
蚌埠市,蚌埠,4913,1354,9,10,6,0.6,0.4,0.005,0.0,0.0,0.0049999999999954525,120.0,0.595,0.0,500
衡阳市,衡阳,782,891,9,10,2,0.2,0.8,0.0116,0.0,0.0,0.1,17.24137931034483,0.1884,0.004,500
衢州市,衢州,2368,660,6,5,0,0.0,1.0,0.0048000000000000004,0.0,0.0,0.0,0.0,-0.0048000000000000004,1.0,500
衢州市,衢州,4683,660,6,14,1,0.07142857142857142,0.9285714285714286,0.0067142857142857134,0.0,0.0,0.07142857142857142,10.638297872340427,0.06471428571428571,0.088,500
襄阳市,襄阳,1771,1301,19,11,6,0.5454545454545454,0.45454545454545453,0.01309090909090909,0.0,0.0,0.09090909090909091,41.666666666666664,0.5323636363636364,0.0,500
襄阳市,襄阳,2621,1301,19,16,9,0.5625,0.4375,0.015125,0.0,0.0,0.0625,37.1900826446281,0.547375,0.0,500
襄阳市,襄阳,4665,1301,17,49,15,0.30612244897959184,0.6938775510204082,0.012489795918367345,0.0,0.0,0.04081632653061224,24.50980392156863,0.2936326530612245,0.0,500
襄阳市,襄阳,7312,1301,19,1,0,0.0,1.0,0.012,0.0,0.0,0.0,0.0,-0.012,1.0,500
西安市,西安,412,2172,85,37,9,0.24324324324324326,0.7567567567567568,0.040972972972972976,0.02702702702702703,0.0,0.10810810810810811,5.936675461741425,0.20227027027027028,0.0,500
西安市,西安,1775,2172,86,25,9,0.36,0.64,0.03896000000000001,0.04,0.0,0.12,9.24024640657084,0.32104,0.0,500
西安市,西安,2011,2172,84,72,15,0.20833333333333334,0.7916666666666666,0.03905555555555556,0.041666666666666664,0.0,0.08333333333333333,5.334281650071124,0.16927777777777778,0.0,500
西安市,西安,3143,2172,84,61,18,0.29508196721311475,0.7049180327868853,0.037377049180327866,0.03278688524590164,0.0,0.08196721311475409,7.894736842105264,0.2577049180327869,0.0,500
西安市,西安,5536,2172,85,38,15,0.39473684210526316,0.6052631578947368,0.03768421052631578,0.02631578947368421,0.0,0.10526315789473684,10.474860335195533,0.3570526315789474,0.0,500
西安市,西安,5765,2172,83,86,26,0.3023255813953488,0.6976744186046512,0.03897674418604651,0.03488372093023256,0.011627906976744186,0.06976744186046512,7.756563245823388,0.2633488372093023,0.0,500
西安市,西安,5868,2172,83,49,14,0.2857142857142857,0.7142857142857143,0.03857142857142857,0.04081632653061224,0.0,0.08163265306122448,7.407407407407407,0.24714285714285714,0.0,500
许昌市,许昌,1966,1354,4,9,1,0.1111111111111111,0.8888888888888888,0.003333333333333333,0.0,0.0,0.0,33.333333333333336,0.10777777777777778,0.03,500
许昌市,许昌,4832,1354,5,1,0,0.0,1.0,0.002,0.0,0.0,0.0,0.0,-0.002,1.0,500
贵阳市,贵阳,459,1094,38,9,3,0.3333333333333333,0.6666666666666666,0.03177777777777778,0.0,0.0,0.1111111111111111,10.489510489510488,0.3015555555555555,0.0,500
贵阳市,贵阳,2353,1094,38,33,9,0.2727272727272727,0.7272727272727273,0.033878787878787876,0.030303030303030304,0.0,0.09090909090909091,8.050089445438283,0.23884848484848484,0.0,500
贵阳市,贵阳,3811,1094,37,25,6,0.24,0.76,0.034879999999999994,0.04,0.0,0.08,6.880733944954129,0.20512,0.0,500
贵阳市,贵阳,4598,1094,38,14,2,0.14285714285714285,0.8571428571428571,0.032428571428571425,0.0,0.0,0.14285714285714285,4.405286343612335,0.11042857142857143,0.082,500
贵阳市,贵阳,5223,1094,38,11,4,0.36363636363636365,0.6363636363636364,0.030363636363636363,0.0,0.0,0.09090909090909091,11.976047904191617,0.3332727272727273,0.0,500
赣州市,赣州,1593,1135,3,5,0,0.0,1.0,0.0036,0.0,0.0,0.0,0.0,-0.0036,1.0,500
赣州市,赣州,3789,1135,2,11,0,0.0,1.0,0.0014545454545454547,0.0,0.0,0.0,0.0,-0.0014545454545454547,1.0,500
赣州市,赣州,4004,1135,3,1,0,0.0,1.0,0.008,0.0,0.0,0.0,0.0,-0.008,1.0,500
达州市,达州,1750,378,8,6,1,0.16666666666666666,0.8333333333333334,0.023,0.0,0.0,0.16666666666666666,7.246376811594202,0.14366666666666666,0.128,500
达州市,达州,5674,378,7,6,0,0.0,1.0,0.01933333333333333,0.0,0.0,0.16666666666666666,0.0,-0.01933333333333333,1.0,500
连云港市,连云港,4772,1947,5,12,0,0.0,1.0,0.0018333333333333333,0.0,0.0,0.0,0.0,-0.0018333333333333333,1.0,500
遂宁市,遂宁,481,604,6,20,3,0.15,0.85,0.0105,0.0,0.0,0.05,14.285714285714285,0.13949999999999999,0.0,500
遂宁市,遂宁,4838,604,8,6,2,0.3333333333333333,0.6666666666666666,0.014666666666666665,0.0,0.0,0.16666666666666666,22.72727272727273,0.31866666666666665,0.002,500
遵义市,遵义,788,1296,5,3,1,0.3333333333333333,0.6666666666666666,0.0026666666666666666,0.0,0.0,0.0,125.0,0.33066666666666666,0.008,500
邢台市,邢台,1953,3215,14,50,10,0.2,0.8,0.00428,0.0,0.0,0.02,46.728971962616825,0.19572,0.0,500
邢台市,邢台,4941,3215,17,21,3,0.14285714285714285,0.8571428571428571,0.005619047619047619,0.0,0.0,0.047619047619047616,25.423728813559322,0.13723809523809524,0.0,500
邢台市,邢台,5475,3215,19,6,3,0.5,0.5,0.006666666666666666,0.0,0.0,0.0,75.0,0.49333333333333335,0.0,500
邯郸市,邯郸,1954,3303,21,66,9,0.13636363636363635,0.8636363636363636,0.0063030303030303025,0.0,0.0,0.030303030303030304,21.634615384615383,0.13006060606060604,0.0,500
邯郸市,邯郸,4886,3303,27,10,1,0.1,0.9,0.0072,0.0,0.0,0.1,13.88888888888889,0.09280000000000001,0.072,500
邯郸市,邯郸,4964,3303,27,9,3,0.3333333333333333,0.6666666666666666,0.010222222222222221,0.0,0.0,0.1111111111111111,32.608695652173914,0.32311111111111107,0.0,500
郑州市,郑州,500,3405,152,11,7,0.6363636363636364,0.36363636363636365,0.04781818181818182,0.0,0.0,0.18181818181818182,13.307984790874523,0.5885454545454545,0.0,500
郑州市,郑州,1671,3405,151,23,11,0.4782608695652174,0.5217391304347826,0.04539130434782609,0.043478260869565216,0.0,0.13043478260869565,10.536398467432951,0.43286956521739134,0.0,500
郑州市,郑州,4125,3405,150,146,69,0.4726027397260274,0.5273972602739726,0.04335616438356164,0.0410958904109589,0.02054794520547945,0.06883561643835585,10.90047393364929,0.42924657534246574,0.0,500
郑州市,郑州,4193,3405,151,20,11,0.55,0.45,0.043,0.05,0.0,0.1,12.790697674418606,0.507,0.0,500
郑州市,郑州,4253,3405,151,79,38,0.4810126582278481,0.5189873417721519,0.04410126582278481,0.0379746835443038,0.012658227848101266,0.08860759493670886,10.907003444316876,0.43691139240506327,0.0,500
郑州市,郑州,4902,3405,151,49,23,0.46938775510204084,0.5306122448979592,0.044489795918367346,0.04081632653061224,0.0,0.10204081632653061,10.550458715596331,0.4248979591836735,0.0,500
郑州市,郑州,5551,3405,89,646,85,0.13157894736842105,0.868421052631579,0.02641176470588235,0.02631578947368421,0.018498452012383905,0.03715170278637771,4.9818309694056975,0.10516718266253869,0.0,500
郑州市,郑州,6488,3405,151,42,21,0.5,0.5,0.04585714285714285,0.047619047619047616,0.0,0.09523809523809523,10.90342679127726,0.4541428571428571,0.0,500
郑州市,郑州,6962,3405,152,13,10,0.7692307692307693,0.23076923076923078,0.04630769230769231,0.0,0.0,0.15384615384615385,16.611295681063122,0.722923076923077,0.0,500
鄂尔多斯市,鄂尔多斯,2102,1553,6,10,0,0.0,1.0,0.0032,0.0,0.0,0.0,0.0,-0.0032,1.0,500
鄂尔多斯市,鄂尔多斯,3278,1553,5,18,1,0.05555555555555555,0.9444444444444444,0.0035555555555555553,0.0,0.0,0.05555555555555555,15.625,0.052,0.064,500
重庆,重庆,1778,5721,33,15,0,0.0,1.0,0.0064,0.0,0.0,0.06666666666666667,0.0,-0.0064,1.0,500
重庆,重庆,4689,5721,34,12,1,0.08333333333333333,0.9166666666666666,0.007999999999999998,0.0,0.0,0.08333333333333333,10.416666666666668,0.07533333333333334,0.088,500
重庆,重庆,4843,5721,35,3,1,0.3333333333333333,0.6666666666666666,0.008666666666666666,0.0,0.0,0.0,38.46153846153846,0.32466666666666666,0.026,500
重庆,重庆,5182,5721,35,5,1,0.2,0.8,0.005600000000000001,0.0,0.0,0.0,35.71428571428571,0.19440000000000002,0.028,500
重庆,重庆,5489,5721,33,17,2,0.11764705882352941,0.8823529411764706,0.006352941176470588,0.0,0.0,0.058823529411764705,18.51851851851852,0.11129411764705882,0.006,500
金华市,金华,1802,1793,26,34,4,0.11764705882352941,0.8823529411764706,0.01488235294117647,0.0,0.0,0.058823529411764705,7.905138339920949,0.10276470588235294,0.0,500
金华市,金华,4220,1793,30,9,3,0.3333333333333333,0.6666666666666666,0.014444444444444442,0.0,0.0,0.1111111111111111,23.07692307692308,0.3188888888888889,0.0,500
金华市,金华,4684,1793,30,8,2,0.25,0.75,0.01625,0.0,0.0,0.125,15.384615384615383,0.23375,0.004,500
金华市,金华,5719,1793,29,15,1,0.06666666666666667,0.9333333333333333,0.013600000000000001,0.0,0.0,0.06666666666666667,4.901960784313725,0.053066666666666665,0.184,500
钦州市,钦州,798,242,4,9,3,0.3333333333333333,0.6666666666666666,0.017777777777777778,0.0,0.0,0.1111111111111111,18.75,0.31555555555555553,0.0,500
钦州市,钦州,5421,242,4,10,2,0.2,0.8,0.0156,0.0,0.0,0.1,12.820512820512821,0.1844,0.01,500
铜仁市,铜仁,919,616,3,3,1,0.3333333333333333,0.6666666666666666,0.004666666666666666,0.0,0.0,0.0,71.42857142857143,0.32866666666666666,0.014,500
铜陵市,铜陵,1830,327,6,19,3,0.15789473684210525,0.8421052631578947,0.02126315789473684,0.0,0.0,0.10526315789473684,7.425742574257425,0.1366315789473684,0.006,500
铜陵市,铜陵,5431,327,7,6,1,0.16666666666666666,0.8333333333333334,0.021666666666666664,0.0,0.0,0.16666666666666666,7.6923076923076925,0.145,0.124,500
银川市,银川,2115,1272,19,32,10,0.3125,0.6875,0.0149375,0.0,0.0,0.0625,20.92050209205021,0.2975625,0.0,500
银川市,银川,5050,1272,21,10,5,0.5,0.5,0.0156,0.0,0.0,0.1,32.05128205128205,0.4844,0.0,500
镇江市,镇江,5584,1368,4,35,3,0.08571428571428572,0.9142857142857143,0.0035999999999999995,0.0,0.0,0.02857142857142857,23.809523809523814,0.08211428571428571,0.0,500
长春市,长春,1605,4004,43,20,5,0.25,0.75,0.0121,0.0,0.0,0.05,20.66115702479339,0.2379,0.0,500
长春市,长春,2593,4004,42,33,11,0.3333333333333333,0.6666666666666666,0.009636363636363637,0.0,0.0,0.030303030303030304,34.59119496855345,0.3236969696969697,0.0,500
长春市,长春,3509,4004,43,9,3,0.3333333333333333,0.6666666666666666,0.012888888888888887,0.0,0.0,0.1111111111111111,25.862068965517242,0.3204444444444444,0.0,500
长春市,长春,5065,4004,42,28,12,0.42857142857142855,0.5714285714285714,0.009642857142857142,0.0,0.0,0.03571428571428571,44.44444444444444,0.41892857142857143,0.0,500
长春市,长春,5450,4004,42,28,6,0.21428571428571427,0.7857142857142857,0.011,0.0,0.0,0.03571428571428571,19.48051948051948,0.20328571428571426,0.0,500
长沙市,长沙,5,1369,53,29,10,0.3448275862068966,0.6551724137931034,0.0406896551724138,0.034482758620689655,0.0,0.10344827586206896,8.474576271186441,0.3041379310344828,0.0,500
长沙市,长沙,326,1369,54,3,0,0.0,1.0,0.038,0.0,0.0,0.3333333333333333,0.0,-0.038,1.0,500
长沙市,长沙,1846,1369,52,36,11,0.3055555555555556,0.6944444444444444,0.03888888888888889,0.027777777777777776,0.0,0.08333333333333333,7.857142857142858,0.2666666666666667,0.0,500
长沙市,长沙,3866,1369,50,57,15,0.2631578947368421,0.7368421052631579,0.03617543859649123,0.03508771929824561,0.0,0.08771929824561403,7.274490785645004,0.22698245614035087,0.0,500
长沙市,长沙,5271,1369,53,12,1,0.08333333333333333,0.9166666666666666,0.03883333333333333,0.0,0.0,0.16666666666666666,2.1459227467811157,0.0445,0.386,500
长沙市,长沙,6755,1369,53,8,1,0.125,0.875,0.0345,0.0,0.0,0.125,3.623188405797101,0.0905,0.23,500
阜阳市,阜阳,4065,2082,6,5,2,0.4,0.6,0.002,0.0,0.0,0.0,200.0,0.398,0.0,500
阜阳市,阜阳,4804,2082,6,5,1,0.2,0.8,0.0044,0.0,0.0,0.0,45.45454545454545,0.19560000000000002,0.022,500
阳江市,阳江,3383,292,7,13,3,0.23076923076923078,0.7692307692307693,0.02446153846153847,0.0,0.0,0.07692307692307693,9.43396226415094,0.2063076923076923,0.002,500
阳江市,阳江,3712,292,7,11,2,0.18181818181818182,0.8181818181818182,0.024,0.0,0.0,0.09090909090909091,7.575757575757576,0.15781818181818183,0.032,500
随州市,随州,4676,383,1,11,1,0.09090909090909091,0.9090909090909091,0.0034545454545454545,0.0,0.0,0.0,26.315789473684212,0.08745454545454545,0.038,500
随州市,随州,4790,383,3,4,1,0.25,0.75,0.0055,0.0,0.0,0.0,45.45454545454546,0.2445,0.022,500
雅安市,雅安,4313,154,6,10,4,0.4,0.6,0.037200000000000004,0.0,0.0,0.1,10.75268817204301,0.3628,0.0,500
雅安市,雅安,4926,154,6,9,2,0.2222222222222222,0.7777777777777778,0.043111111111111114,0.0,0.0,0.1111111111111111,5.154639175257731,0.1791111111111111,0.046,500
青岛市,青岛,943,4030,54,38,13,0.34210526315789475,0.6578947368421053,0.013473684210526315,0.0,0.0,0.05263157894736842,25.390625000000004,0.32863157894736844,0.0,500
青岛市,青岛,4823,4030,51,53,12,0.22641509433962265,0.7735849056603774,0.012830188679245284,0.0,0.0,0.03773584905660377,17.64705882352941,0.21358490566037736,0.0,500
青岛市,青岛,4864,4030,55,30,15,0.5,0.5,0.014400000000000001,0.0,0.0,0.06666666666666667,34.72222222222222,0.4856,0.0,500
青岛市,青岛,5021,4030,49,51,4,0.0784313725490196,0.9215686274509803,0.012274509803921568,0.0,0.0,0.0392156862745098,6.389776357827476,0.06615686274509804,0.004,500
青岛市,青岛,5803,4030,55,14,2,0.14285714285714285,0.8571428571428571,0.013714285714285714,0.0,0.0,0.07142857142857142,10.416666666666666,0.12914285714285714,0.014,500
马鞍山市,马鞍山,877,740,17,20,5,0.25,0.75,0.021,0.0,0.0,0.1,11.904761904761903,0.229,0.0,500
马鞍山市,马鞍山,1315,740,18,10,6,0.6,0.4,0.0264,0.0,0.0,0.1,22.727272727272727,0.5736,0.0,500
马鞍山市,马鞍山,4778,740,18,13,3,0.23076923076923078,0.7692307692307693,0.022615384615384614,0.0,0.0,0.07692307692307693,10.204081632653063,0.20815384615384616,0.002,500
驻马店市,驻马店,4833,2773,1,8,0,0.0,1.0,0.00025,0.0,0.0,0.0,0.0,-0.00025,1.0,500
驻马店市,驻马店,5552,2773,2,3,0,0.0,1.0,0.0006666666666666666,0.0,0.0,0.0,0.0,-0.0006666666666666666,1.0,500
鹤壁市,鹤壁,1969,506,16,12,3,0.25,0.75,0.03216666666666666,0.0,0.0,0.16666666666666666,7.772020725388602,0.21783333333333332,0.004,500
鹤壁市,鹤壁,5564,506,9,62,4,0.06451612903225806,0.9354838709677419,0.017,0.016129032258064516,0.0,0.04838709677419355,3.7950664136622385,0.04751612903225806,0.02,500
黄冈市,黄冈,1839,1275,3,12,1,0.08333333333333333,0.9166666666666666,0.0026666666666666666,0.0,0.0,0.0,31.25,0.08066666666666666,0.032,500
黄冈市,黄冈,4741,1275,3,11,0,0.0,1.0,0.0021818181818181815,0.0,0.0,0.0,0.0,-0.0021818181818181815,1.0,500
黄山市,黄山,463,239,3,8,0,0.0,1.0,0.011,0.0,0.0,0.125,0.0,-0.011,1.0,500
黄山市,黄山,4723,239,2,12,1,0.08333333333333333,0.9166666666666666,0.007666666666666665,0.0,0.0,0.08333333333333333,10.869565217391306,0.07566666666666666,0.092,500
黄石市,黄石,3858,522,10,6,2,0.3333333333333333,0.6666666666666666,0.020999999999999998,0.0,0.0,0.16666666666666666,15.873015873015873,0.3123333333333333,0.008,500
黄石市,黄石,5204,522,10,17,4,0.23529411764705882,0.7647058823529411,0.01976470588235294,0.0,0.0,0.058823529411764705,11.904761904761905,0.21552941176470589,0.0,500
